Player_ID,Last,First,Suffix,Raw_Height,Height(In),Weight(lbs),BMI,Arm_Length(In),40_Time,Speed_Score,Burst_Score,Agility_Score,Catch_Radius,College_Dominator,College_Target_Share,Breakout_Age,Weight_Adjusted_Speed_Score,Height Adjusted Speed Score,Vertical(In),Bench,Broad_Jump(In),3_Cone,Shuttle
Garrlson22,Wilson,Garrett,,6'0,72,184,25.0,32,4.38,98.6,122.7,,,29.4%,26.3%,20.1,99.99,98.62,,,,,
Chrilave22,Olave,Chris,,6'0,72,185,25.1,31,4.39,98.3,116.4,,,31.8%,26.0%,19.2,99.62,98.25,,,,,
Chritson22,Watson,Christian,,6'4,76,208,25.3,32,4.36,119.9,133.5,11.15,10.37,44.0%,,20.3,115.12,119.85,,,,,
Drakndon22,London,Drake,,6'4,76,213,25.9,33,4.54,104.4,,,,34.9%,27.3%,18.1,100.27,104.39,,,,,
Georkens22,Pickens,George,,6'3,75,200,25.0,32,4.47,102.9,121.2,,,18.9%,15.4%,18.5,100.19,102.94,,,,,
Jahatson22,Dotson,Jahan,,5'11,71,181,25.2,30,4.43,91.4,121.7,,,44.3%,32.5%,20.5,93.99,91.42,,,,,
Alecerce22,Pierce,Alec,,6'3,75,208,26.0,33,4.41,113.0,133.4,11.33,10.35,25.2%,21.3%,19.3,109.99,113.00,,,,,
Rashheed22,Shaheed,Rashid,,6'0,72,180,24.4,31,4.53,84.3,,,,29.0%,,20.0,85.49,84.32,,,,,
Romeoubs22,Doubs,Romeo,,6'2,74,204,26.2,32,4.57,94.8,,,,32.9%,24.6%,19.4,93.54,94.82,,,,,
Treyurks22,Burks,Treylon,,6'2,74,224,28.8,33,4.55,106.0,121.4,11.68,9.98,45.9%,31.3%,20.5,104.53,105.96,,,,,
Tyqunton22,Thornton,Tyquan,,6'2,74,183,23.5,33,4.28,110.6,131.0,11.64,10.20,37.5%,29.6%,19.1,109.07,110.56,,,,,
Wandnson22,Robinson,Wan'Dale,,5'8,68,179,27.2,27,4.44,85.8,118.5,11.12,9.76,37.3%,39.3%,18.7,92.12,85.81,,,,,
Skyyoore22,Moore,Skyy,,5'10,70,191,27.4,31,4.41,96.8,121.2,11.45,9.84,44.8%,39.5%,20.0,101.00,96.85,,,,,
Jaleilor22,Nailor,Jalen,,5'11,71,186,25.9,30,4.50,88.2,128.6,11.31,9.97,32.4%,26.7%,19.5,90.72,88.23,,,,,
Khalakir22,Shakir,Khalil,,6'0,72,196,26.6,29,4.43,100.4,127.5,11.49,9.98,40.8%,32.2%,19.6,101.78,100.39,,,,,
DaviBell22,Bell,David,,6'1,73,209,27.6,32,4.68,87.1,115.1,11.71,9.74,35.1%,28.7%,18.7,87.14,87.14,,,,,
Veluones22,Jones,Velus,Jr.,6'0,72,204,27.7,30,4.31,116.6,116.6,11.83,9.76,22.7%,22.1%,24.3,118.24,116.62,,,,,
Samooure22,Toure,Samori,,6'1,73,191,25.2,32,4.53,90.7,120.7,10.99,10.07,35.0%,23.1%,21.5,90.71,90.71,,,,,
Jalergil22,Virgil,Jalen,,6'0,72,207,28.1,31,4.45,104.1,127.1,11.50,9.96,11.0%,12.4%,,105.57,104.13,,,,,
Jameiams22,Williams,Jameson,,6'1,73,180,23.7,32,4.39,96.9,,,,31.1%,20.7%,20.4,96.93,96.93,,,,,
Kylelips22,Philips,Kyle,,5'11,71,181,25.2,29,4.58,80.0,119.0,10.84,9.91,38.6%,31.3%,20.2,82.27,80.02,,,,,
Andrllia20,Baccellia,Andre,,5'10,70,175,25.1,,,,,,,15.7%,,,#DIV/0!,#DIV/0!,,,,,
Dareoung22,Young,Dareke,,6'2,74,224,28.8,32,4.49,111.7,130.4,10.99,10.23,27.4%,,21.3,110.23,111.74,,,,,
Devekins22,Thompkins,Deven,,5'8,68,155,23.6,30,4.49,71.0,131.5,11.16,9.95,32.3%,32.3%,21.7,76.27,71.05,,,,,
DannGray22,Gray,Danny,,6'0,72,197,26.7,31,4.33,110.5,120.8,11.75,9.87,27.0%,18.5%,22.4,112.08,110.55,,,,,
Jalebert22,Tolbert,Jalen,,6'1,73,194,25.6,32,4.49,95.5,122.7,11.32,10.05,51.2%,33.4%,20.5,95.47,95.47,,,,,
Brayders22,Sanders,Braylon,,6'0,72,194,26.3,31,4.48,95.0,119.2,11.21,9.96,20.3%,14.9%,22.6,96.32,95.00,,,,,
Erikanma22,Ezukanma,Erik,,6'2,74,206,26.4,33,4.60,93.3,125.1,11.58,10.03,28.1%,23.7%,20.6,92.02,93.28,,,,,
Montgton22,Washington,Montrell,,5'9,69,181,26.7,28,4.53,81.3,123.2,11.57,9.68,33.1%,,,85.96,81.25,,,,,
Johnchie22,Metchie,John,,5'11,71,189,26.4,30,,,,,,22.6%,26.9%,21.1,#DIV/0!,#DIV/0!,,,,,
Calvstin22,Austin,Calvin,III,5'8,68,170,25.8,30,4.32,90.9,133.8,10.72,10.14,32.3%,28.5%,21.5,97.62,90.93,,,,,
Michoods22,Woods,Michael,,6'1,73,204,26.9,33,4.55,95.2,121.2,11.53,9.92,19.0%,17.7%,19.5,95.20,95.20,,,,,
Bolton22,Melton,Bo,,5'11,71,189,26.4,31,4.34,103.6,125.1,10.91,10.19,39.6%,31.3%,20.3,106.54,103.63,,,,,
MakaPolk22,Polk,Makai,,6'3,75,195,24.4,32,4.59,90.3,112.2,11.40,9.87,22.8%,20.5%,19.1,87.86,90.27,,,,,
Kevistin22,Austin,Kevin,Jr.,6'2,74,200,25.7,32,4.43,105.3,132.3,10.86,10.37,23.8%,18.4%,21.4,103.86,105.28,,,,,
Dontmond22,Drummond,Dontario,,6'1,73,215,28.4,31,4.65,92.0,118.8,11.41,9.85,36.2%,25.3%,24.0,91.97,91.97,,,,,
Trerner22,Turner,Tre,,6'1,73,184,24.3,30,4.51,88.9,110.1,11.98,9.63,31.3%,32.1%,19.4,88.95,88.95,,,,,
JustRoss22,Ross,Justyn,,6'4,76,210,25.6,32,4.69,90.4,111.6,,,30.0%,23.9%,18.7,86.81,90.38,,,,,
Isaiston22,Weston,Isaiah,,6'3,75,211,26.4,32,4.42,113.6,135.5,11.67,10.20,43.1%,16.7%,21.9,110.57,113.60,,,,,
Keshbram22,Abram,Keshunn,,,,,#DIV/0!,,,,,,,,,,#DIV/0!,#DIV/0!,,,,,
Tannnner22,Conner,Tanner,,,,,#DIV/0!,,,,,,,,,,#DIV/0!,#DIV/0!,,,,,
Tyogle22,Fryfogle,Ty,,6'1,73,204,26.9,30,4.53,96.9,129.8,11.62,9.99,28.8%,25.9%,21.6,96.89,96.89,,,,,
Jaqurson22,Roberson,Jaquarii,,6'1,73,186,24.5,32,4.55,86.8,133.5,11.01,10.26,35.7%,25.7%,22.1,86.80,86.80,,,,,
Jerrerns22,Sterns,Jerreth,,5'7,67,183,28.7,30,4.67,70.6,127.5,10.94,9.95,29.2%,28.8%,20.2,76.95,70.63,,,,,
Britovey22,Covey,Britain,,5'8,68,173,26.3,27,4.55,75.2,113.4,10.82,9.69,30.7%,20.9%,23.5,80.73,75.20,,,,,
Deerson22,Anderson,Dee,,6'5,77,218,25.8,32,4.57,105.4,118.4,11.57,10.06,20.5%,4.2%,23.9,99.96,105.44,,,,,
Charambo22,Rambo,Charleston,,6'0,72,177,24.0,32,4.57,80.0,116.0,11.30,9.90,26.9%,26.3%,22.1,81.16,80.05,,,,,
Emekezie22,Emezie,Emeka,,6'2,74,210,27.0,32,4.87,75.7,106.3,11.18,9.74,22.1%,21.2%,21.3,74.67,75.69,,,,,
Kalieton22,Pimpleton,Kalil,,,,,#DIV/0!,,,,,,,,,,#DIV/0!,#DIV/0!,,,,,
Devoiams22,Williams,Devon,,6'5,77,211,25.0,34,4.65,95.2,124.3,11.34,10.11,24.2%,17.3%,20.2,90.26,95.21,,,,,
Jequzard22,Ezzard,Jequez,,5'9,69,193,28.5,30,4.64,78.7,126.4,11.49,9.77,40.9%,,,83.28,78.71,,,,,
TaysMack22,Mack,Taysir,,,,,#DIV/0!,,,,,,,,,,#DIV/0!,#DIV/0!,,,,,
Tayrtin22,Martin,Tay,,,,,#DIV/0!,,,,,,,,,,#DIV/0!,#DIV/0!,,,,,
Johnnson22,Johnson,Johnny,III,6'0,72,196,26.6,30,4.60,86.4,120.9,11.42,9.87,18.8%,18.0%,20.3,87.55,86.35,,,,,
Kwamiter22,Lassiter,Kwamie,II,,,,#DIV/0!,,,,,,,,,,#DIV/0!,#DIV/0!,,,,,
Sladlden22,Bolden,Slade,,5'11,71,189,26.4,29,4.66,78.0,119.2,11.04,9.92,7.1%,10.8%,,80.16,77.96,,,,,
Calvrner22,Turner,Calvin,Jr.,,,,#DIV/0!,,,,,,,,,,#DIV/0!,#DIV/0!,,,,,
Jaivligh22,Heiligh,Jaivon,,6'2,74,200,25.7,32,4.71,82.4,119.7,11.68,9.88,32.7%,33.5%,21.0,81.28,82.39,,,,,
Coretton22,Sutton,Corey,,,,,#DIV/0!,,,,,,,,,,#DIV/0!,#DIV/0!,,,,,
Kayliger22,Geiger,Kaylon,,5'9,69,172,25.4,29,4.61,72.0,116.8,10.99,9.77,16.2%,21.3%,,76.16,71.99,,,,,
Mikerley22,Harley,Mike,,5'10,70,179,25.7,30,4.52,82.2,121.4,11.27,9.88,26.6%,22.8%,22.7,85.77,82.24,,,,,
Stanhill22,Berryhill,Stanley,III,,,,#DIV/0!,,,,,,,,,,#DIV/0!,#DIV/0!,,,,,
Thomigan22,Hennigan,Thomas,,,,,#DIV/0!,,,,,,,,,,#DIV/0!,#DIV/0!,,,,,
JaMahase21,Chase,Ja'Marr,,6'0,72,201,27.3,30,4.39,106.8,135.7,10.95,10.31,33.4%,21.0%,19.5,108.24,106.75,,,,,
Jaylddle21,Waddle,Jaylen,,5'9,69,180,26.6,30,4.43,88.4,,,,19.7%,14.5%,21.8,93.47,88.35,,,,,
Amonrown21,St. Brown,Amon-Ra,,5'11,71,197,27.5,30,4.66,81.3,129.0,11.16,9.98,33.1%,22.6%,18.9,83.55,81.26,,,,,
Devomith21,Smith,Devonta,,6'0,72,170,23.1,31,4.54,78.9,,,,51.3%,37.5%,20.8,80.03,78.93,,,,,
Joshlmer21,Palmer,Josh,,6'1,73,210,27.7,33,4.57,96.3,119.8,11.22,10.00,25.9%,22.8%,21.0,96.29,96.29,,,,,
Elijoore21,Moore,Elijah,,5'9,69,178,26.3,30,4.40,89.8,121.7,10.67,10.07,41.9%,36.7%,19.4,94.98,89.78,,,,,
Rasheman21,Bateman,Rashod,,6'0,72,190,25.8,33,4.48,93.0,122.7,11.30,10.04,40.0%,35.7%,18.8,94.33,93.04,,,,,
Nicolins21,Collins,Nico,,6'4,76,215,26.2,34,4.50,109.2,126.3,11.11,10.32,27.3%,15.6%,19.5,104.86,109.17,,,,,
Terrhall21,Marshall,Terrace,Jr.,6'2,74,205,26.3,32,4.45,106.0,128.8,,,33.4%,18.6%,19.2,104.55,105.99,,,,,
Rondoore21,Moore,Rondale,,5'7,67,181,28.3,28,4.37,91.1,135.3,10.78,10.13,25.6%,31.4%,18.2,99.26,91.10,,,,,
Benonek21,Skowronek,Ben,,6'2,74,220,28.2,33,4.64,96.2,,,,28.9%,17.0%,20.2,94.93,96.23,,,,,
Kadaoney21,Toney,Kadarius,,5'11,71,193,26.9,31,4.43,97.5,135.2,11.11,10.14,23.7%,19.4%,21.6,100.22,97.48,,,,,
Shimith21,Smith,Shi,,5'9,69,186,27.5,31,4.51,85.0,122.7,11.01,9.97,33.8%,26.2%,20.9,89.92,84.99,,,,,
Tutuwell21,Atwell,Tutu,,5'9,69,155,22.9,29,4.44,75.4,114.6,10.96,9.83,36.7%,31.3%,18.9,79.77,75.40,,,,,
Dyamrown21,Brown,Dyami,,6'1,73,185,24.4,32,4.50,90.2,124.4,11.20,10.06,31.2%,26.0%,19.8,90.23,90.23,,,,,
Amargers21,Rodgers,Amari,,5'9,69,212,31.3,30,4.57,91.9,116.6,11.38,9.68,23.5%,20.8%,21.0,97.21,91.88,,,,,
Ihmiette21,Smith-Marsette,Ihmir,,6'1,73,181,23.9,30,4.55,84.5,124.9,11.29,10.02,32.8%,18.7%,20.0,84.46,84.46,,,,,
Anthartz21,Schwartz,Anthony,,6'0,72,186,25.2,31,4.32,105.3,115.9,11.38,9.89,28.2%,26.4%,20.0,106.81,105.35,,,,,
Daxilne21,Milne,Dax,,6'1,73,193,25.5,29,4.62,84.7,109.7,11.07,9.79,26.7%,25.3%,21.2,84.73,84.73,,,,,
DWayidge21,Eskridge,D'Wayne,,5'9,69,190,28.1,30,4.45,91.6,121.5,11.22,9.83,44.6%,33.1%,20.5,96.90,91.59,,,,,
Dezrick21,Fitzpatrick,Dez,,6'2,74,202,25.9,32,4.54,96.4,,11.31,10.05,24.9%,24.2%,19.7,95.10,96.40,,,,,
Mikechan21,Strachan,Mike,,6'5,77,226,26.8,34,4.59,107.4,123.0,11.32,10.18,54.7%,,21.1,101.83,107.41,,,,,
RaceMath21,McMath,Racey,,6'2,74,211,27.1,32,4.44,110.1,120.3,11.77,9.89,8.8%,9.0%,,108.59,110.08,,,,,
Tylalace21,Wallace,Tylan,,5'11,71,194,27.1,30,4.55,88.0,112.1,11.37,9.75,42.3%,32.3%,19.3,90.53,88.05,,,,,
Timones21,Jones,Tim,,6'1,73,210,27.7,31,4.52,100.6,130.0,11.16,10.21,29.8%,23.6%,22.3,100.62,100.62,,,,,
Jaelrden21,Darden,Jaelon,,5'8,68,174,26.5,30,4.51,78.4,121.4,10.77,9.95,45.0%,32.0%,20.6,84.11,78.35,,,,,
Cadenson21,Johnson,Cade,,5'10,70,184,26.4,29,4.56,81.6,116.5,,,43.9%,,20.4,85.11,81.61,,,,,
Simihoko21,Fehoko,Simi,,6'4,76,222,27.0,31,4.49,113.7,118.7,11.04,10.15,38.4%,26.6%,21.8,109.24,113.73,,,,,
Franarby21,Darby,Frank,,6'0,72,194,26.3,31,4.66,81.2,117.2,11.38,9.86,22.0%,13.9%,22.0,82.28,81.15,,,,,
Sethiams21,Williams,Seth,,6'3,75,211,26.4,33,4.54,102.1,124.9,11.63,10.09,35.6%,29.3%,18.4,99.33,102.05,,,,,
JaleCamp21,Camp,Jalen,,6'2,74,226,29.0,33,4.53,108.8,129.7,11.14,10.31,21.7%,27.3%,22.2,107.34,108.81,,,,,
Jacorris21,Harris,Jacob,,6'5,77,219,26.0,33,4.48,109.6,137.4,10.82,10.58,20.0%,13.5%,23.4,108.73,114.69,,,,,
Dazzsome21,Newsome,Dazz,,5'11,71,190,26.5,29,4.64,79.7,118.3,11.78,9.63,23.9%,22.6%,20.3,81.98,79.73,,,,,
Tarilack21,Black,Tarik,,6'3,75,217,27.1,33,4.59,100.5,134.0,11.17,10.32,24.0%,16.4%,19.6,97.78,100.46,,,,,
Cornwell21,Powell,Cornell,,6'0,72,204,27.7,32,4.58,91.5,126.1,11.24,10.04,21.8%,16.1%,22.9,92.73,91.46,,,,,
Marqnson21,Stevenson,Marquez,,5'10,70,180,25.8,31,4.53,82.0,117.1,10.90,9.90,37.5%,22.9%,20.4,85.49,81.98,,,,,
Treixon21,Nixon,Tre,,6'0,72,187,25.4,31,4.49,90.8,122.9,11.06,10.04,19.2%,21.4%,21.6,92.02,90.76,,,,,
Kawaaker21,Baker,Kawaan,,6'0,72,210,28.5,32,4.50,101.0,131.7,11.83,10.00,37.8%,24.0%,20.0,102.42,101.02,,,,,
Tamoerry21,Terry,Tamorrion,,6'3,75,207,25.9,33,4.50,103.7,118.3,11.58,9.94,28.0%,20.9%,20.5,100.96,103.73,,,,,
Austkins21,Watkins,Austin,Jr.,6'1,73,209,27.6,31,4.61,92.5,,,,32.4%,28.1%,,92.55,92.55,,,,,
Joshebhe21,Imatorbhebhe,Josh,,6'1,73,218,28.8,32,4.58,99.1,146.1,11.48,10.35,39.5%,24.1%,21.4,99.09,99.09,,,,,
Whoplyor21,Philyor,Whop,,5'10,70,184,26.4,30,4.63,76.8,112.8,11.58,9.57,23.4%,31.8%,21.1,80.08,76.79,,,,,
Sageratt21,Surratt,Sage,,,,,#DIV/0!,,,,,,,,,,#DIV/0!,#DIV/0!,,,,,
Dilloner21,Stoner,Dillon,,6'0,72,200,27.1,30,4.62,86.6,124.4,11.13,10.01,22.0%,20.6%,21.6,87.80,86.60,,,,,
IsaicKoy21,McKoy,Isaiah,,6'2,74,200,25.7,31,4.73,81.0,107.2,11.45,9.69,36.9%,31.0%,18.6,79.91,81.01,,,,,
Tyleghns21,Vaughns,Tyler,,6'2,74,184,23.6,32,4.74,73.9,113.6,11.55,9.78,23.7%,22.0%,20.3,72.90,73.90,,,,,
Daijixon22,Dixon,Dai'Jean,,6'3,75,200,25.0,32,4.62,90.2,120.3,11.70,9.89,50.7%,31.0%,19.9,87.80,90.20,,,,,
Damolton21,Hazelton,Damon,Jr.,6'3,75,206,25.7,33,4.69,87.5,123.8,111.43,10.11,27.2%,23.2%,19.5,85.15,87.49,,,,,
Marliams21,Williams,Marlon,,5'11,71,209,29.1,31,4.71,82.6,116.5,,,28.1%,23.9%,21.1,84.94,82.61,,,,,
Keyiixon21,Dixon,Keyion,,6'2,74,190,24.4,31,,,,,,31.3%,10.7%,,#DIV/0!,#DIV/0!,,,,,
Bailther21,Gaither,Bailey,,,,,#DIV/0!,,,,,,,,,,#DIV/0!,#DIV/0!,,,,,
Branmith21,Smith,Brandon,,6'1,73,218,28.8,34,4.69,90.1,131.3,,,29.2%,21.4%,19.7,90.11,90.11,,,,,
Javonley21,McKinley,Javon,,6'2,74,215,27.6,33,4.65,93.2,,11.45,9.88,22.6%,16.6%,22.4,91.97,93.23,,,,,
Jonadams21,Adams,Jonathan,Jr.,6'2,74,210,27.0,32,4.64,91.9,132.3,11.42,10.09,32.2%,28.5%,21.6,90.61,91.85,,,,,
Warrkson21,Jackson,Warren,,6'6,78,219,25.3,33,4.77,90.4,118.5,12.22,9.84,41.2%,34.2%,20.2,84.61,90.40,,,,,
AntoNunn21,Nunn,Antonio,,5'11,71,204,28.4,31,4.55,92.6,117.0,11.44,9.78,39.8%,35.7%,22.0,95.20,92.59,,,,,
Adriardy21,Hardy,Adrian,,6'1,73,205,27.0,32,4.66,86.9,125.8,11.46,9.96,32.5%,24.4%,21.5,86.94,86.94,,,,,
Khallain21,McClain,Khalil,,6'3,75,214,26.7,31,4.75,86.4,111.4,12.22,9.62,21.6%,13.2%,,84.08,86.38,,,,,
Trevimes21,Grimes,Trevon,,6'4,76,220,26.8,31,4.55,106.9,118.5,11.26,10.08,17.7%,13.8%,,102.66,106.88,,,,,
Blakoehl21,Proehl,Blake,,6'1,73,186,24.5,31,4.52,89.1,124.2,11.20,10.05,24.5%,22.9%,21.7,89.12,89.12,,,,,
Brengles21,Eagles,Brennan,,6'4,76,229,27.9,33,4.60,106.5,124.6,11.35,10.15,17.8%,15.2%,,102.29,106.49,,,,,
TJsher21,Vasher,T.J.,,6'5,77,203,24.1,35,4.57,98.2,,,,19.6%,18.0%,19.0,93.08,98.18,,,,,
BranMack21,Mack,Branden,,6'5,77,217,25.7,32,4.71,93.0,110.2,11.50,9.87,25.4%,24.3%,22.5,88.19,93.02,,,,,
Conngton21,Wedington,Connor,,6'0,72,196,26.6,31,4.52,92.6,124.0,10.73,10.25,10.5%,18.3%,,93.91,92.63,,,,,
Jhamsbon21,Ausbon,Jhamon,,6'2,74,217,27.9,32,4.77,85.0,115.1,11.17,9.91,25.6%,21.2%,20.0,83.83,84.98,,,,,
Osirhell21,Mitchell,Osirus,,6'5,77,206,24.4,34,4.66,92.2,124.4,11.46,10.15,26.0%,16.0%,20.0,87.37,92.16,,,,,
Ricossey21,Bussey,Rico,,6'0,72,186,25.2,33,4.55,85.5,127.5,11.47,10.07,25.0%,20.7%,19.5,86.80,85.61,,,,,
Damooxie21,Coxie,Damonte,,6'2,74,198,25.4,33,4.82,74.4,112.9,11.37,9.76,17.0%,17.4%,20.8,73.37,74.37,,,,,
RileLees21,Lees,Riley,,,,,#DIV/0!,,,,,,,,,,#DIV/0!,#DIV/0!,,,,,
DeVoukes21,Dukes,DeVontres,,6'4,76,216,26.3,32,4.86,80.6,117.1,11.48,9.85,24.3%,12.8%,23.2,77.44,80.62,,,,,
Donnrley21,Corley,Donnie,,6'2,186,,0.0,,,,,,,,,,#DIV/0!,#DIV/0!,,,,,
JDlman21,Spielman,JD,,5'9,69,173,25.5,,,,,,,21.3%,17.9%,20.8,#DIV/0!,#DIV/0!,,,,,
Jereydel21,Haydel,Jeremiah,,5'11,71,182,25.4,31,4.87,62.9,112.9,11.44,9.60,17.5%,16.0%,19.5,64.71,62.94,,,,,
Jereoman23,Holloman,Jeremiah,,,,,#DIV/0!,,,,,,,,,,#DIV/0!,#DIV/0!,,,,,
Kekoford21,Crawford,Kekoa,,,,,#DIV/0!,,,,,,,,,,#DIV/0!,#DIV/0!,,,,,
Landkers21,Akers,Landen,,,,,#DIV/0!,,,,,,,,,,#DIV/0!,#DIV/0!,,,,,
Maliiams21,Williams,Malik,,,,,#DIV/0!,,,,,,,,,,#DIV/0!,#DIV/0!,,,,,
Theoward21,Howard,Theo,,,,,#DIV/0!,,,,,,,,,,#DIV/0!,#DIV/0!,,,,,
Justrson20,Jefferson,Justin,,6'1,73,202,26.6,33,4.43,104.9,126.8,,,30.0%,21.7%,19.6,104.90,104.90,,,,,
CeeDLamb20,Lamb,CeeDee,,6'2,74,198,25.4,32,4.50,97.9,120.7,,,38.1%,26.6%,19.4,96.57,97.89,,,,,
Braniyuk20,Aiyuk,Brandon,,6'0,72,205,27.8,33,4.50,98.6,132.0,,,40.6%,29.1%,21.5,99.98,98.62,,,,,
Michtman20,Pittman,Michael,Jr.,6'4,76,223,27.1,32,4.52,111.2,122.6,11.10,10.25,32.8%,26.5%,20.9,106.85,111.24,,,,,
Teegins20,Higgins,Tee,,6'4,76,216,26.3,34,4.59,101.3,114.2,,,29.7%,16.2%,18.6,97.33,101.33,,,,,
Chaspool20,Claypool,Chase,,6'4,76,238,29.0,32,4.42,129.8,131.9,,,33.4%,28.6%,21.2,124.71,129.84,,,,,
Jerreudy20,Jeudy,Jerry,,6'1,73,193,25.5,32,4.45,98.4,119.5,,,25.1%,25.1%,19.4,98.43,98.43,,,,,
Darnoney20,Mooney,Darnell,,5'10,70,176,25.3,30,4.38,91.7,124.9,,,36.5%,26.7%,18.9,95.64,91.71,,,,,
Gabravis20,Davis,Gabriel,,6'2,74,216,27.7,32,4.54,103.1,121.5,11.67,9.90,34.4%,31.5%,19.4,101.69,103.08,,,,,
Vanrson20,Jefferson,Van,,6'2,74,200,25.7,32,4.39,109.2,,,,21.0%,18.0%,22.1,107.70,109.17,,,,,
Marqaway20,Callaway,Marquez,,6'1,73,205,27.0,32,4.55,95.7,127.6,,,33.1%,19.5%,19.4,95.66,95.66,,,,,
KJborn20,Osborn,K.J.,,6'0,72,203,27.5,31,4.48,99.4,125.3,11.35,10.01,23.2%,22.5%,21.2,100.79,99.41,,,,,
Donoones20,Peoples-Jones,Donovan,,6'2,74,212,27.2,33,4.48,106.7,145.2,,,25.1%,16.7%,19.5,105.26,106.70,,,,,
Laviault20,Shenault,Laviska,Jr.,6'1,73,227,29.9,31,4.58,103.2,,,,35.1%,28.3%,19.9,103.18,103.18,,,,,
Bryaards20,Edwards,Bryan,,6'3,75,212,26.5,32,4.53,103.4,,,,48.4%,29.1%,17.8,100.69,103.45,,,,,
Devirnay20,Duvernay,Devin,,5'11,71,200,27.9,30,4.39,104.7,121.9,11.33,9.95,32.5%,26.8%,22.0,107.70,104.75,,,,,
Quezkins20,Watkins,Quez,,6'0,72,185,25.1,32,4.35,101.9,124.6,11.64,10.10,36.8%,25.0%,21.2,103.33,101.92,,,,,
Nickhine20,Westbrook-Ikhine,Nick,,6'3,75,216,27.0,,4.57,101.8,,,,25.8%,18.0%,19.5,99.04,101.76,,,,,
Isaigins20,Hodgins,Isaiah,,6'4,76,210,25.6,33,4.61,96.8,124.1,11.13,10.23,40.8%,30.2%,19.9,92.99,96.81,,,,,
Henruggs20,Ruggs,Henry,III,5'11,71,188,26.2,30,4.27,110.0,136.9,,,17.5%,14.1%,,113.10,110.00,,,,,
Fredwain20,Swain,Freddie,,6'1,73,197,26.0,30,4.46,99.6,124.1,11.31,10.02,18.7%,13.9%,,99.58,99.58,,,,,
Jauaings20,Jennings,Jauan,,6'3,75,215,26.9,31,4.72,89.0,108.8,,,37.9%,24.4%,19.2,86.64,89.01,,,,,
KJmler20,Hamler,KJ,,5'11,71,178,24.8,30,4.32,99.4,,,,31.7%,25.5%,19.2,102.22,99.41,,,,,
Jaleagor20,Reagor,Jalen,,5'11,71,206,28.7,31,4.47,100.4,140.4,11.77,10.03,36.7%,28.1%,18.7,103.20,100.37,,,,,
Quinphus20,Cephus,Quintez,,6'1,73,202,26.6,32,4.73,80.7,127.5,11.53,9.99,35.7%,25.5%,20.4,80.71,80.71,,,,,
Collnson20,Johnson,Collin,,6'6,78,222,25.7,31,4.65,101.5,,,,25.3%,22.9%,21.0,94.97,101.47,,,,,
DenzMims20,Mims,Denzel,,6'3,75,207,25.9,33,4.38,115.6,131.0,11.09,10.34,42.3%,26.0%,19.9,112.49,115.57,,,,,
Kendnton20,Hinton,Kendall,,6'0,72,195,26.4,30,4.64,83.0,,,,,,,84.14,82.99,,,,,
Juwanson20,Johnson,Juwan,,6'4,76,230,28.0,34,4.58,104.0,119.8,11.31,10.15,17.6%,14.8%,23.0,104.54,108.84,,,,,
Tylenson20,Johnson,Tyler,,6'2,74,206,26.4,30,4.70,85.6,,,,57.2%,34.5%,19.0,84.43,85.59,,,,,
Lynnwden20,Bowden,Lynn,Jr.,5'11,71,204,28.4,30,4.50,96.8,,,,26.3%,13.5%,20.9,99.50,96.77,,,,,
Jameoche20,Proche,James,,5'11,71,201,28.0,29,4.55,91.2,,11.67,9.71,38.4%,33.8%,20.0,93.80,91.23,,,,,
Johnower20,Hightower,John,,6'2,74,189,24.3,31,4.43,99.5,126.5,11.28,10.19,25.8%,19.6%,22.3,98.15,99.49,,,,,
Malcerry20,Perry,Malcolm,,5'10,70,186,26.7,29,4.63,77.6,122.2,11.43,9.76,13.4%,12.8%,20.4,80.95,77.62,,,,,
AustMack20,Mack,Austin,,6'2,74,208,26.7,33,4.59,95.0,112.1,,,11.2%,14.1%,,93.72,95.01,,,,,
JoeReed20,Reed,Joe,,6'1,73,224,29.6,31,4.47,112.2,126.1,,,26.1%,24.0%,20.7,112.21,112.21,,,,,
Dezmtmon20,Patmon,Dezmon,,6'4,76,225,27.4,32,4.48,116.3,127.2,11.66,10.08,14.8%,13.2%,,111.71,116.30,,,,,
Tyriland20,Cleveland,Tyrie,,6'2,74,209,26.8,32,4.46,107.1,130.2,,,15.8%,11.6%,20.0,105.64,107.09,,,,,
JaMadley20,Bradley,Ja'Marcus,,6'0,72,198,26.9,32,4.53,92.7,,,,34.7%,,21.7,94.04,92.75,,,,,
Codyhite20,White,Cody,,6'3,75,217,27.1,32,4.66,94.6,120.4,11.71,9.92,32.1%,22.8%,18.8,92.03,94.55,,,,,
Lawrager20,Cager,Lawrence,,,,,#DIV/0!,,,,,,,,,,#DIV/0!,#DIV/0!,,,,,
Antolden20,Gandy-Golden,Antonio,,6'4,76,223,27.1,31,4.60,103.7,124.7,11.88,9.93,40.5%,31.7%,19.4,99.61,103.70,,,,,
Isailter20,Coulter,Isaiah,,6'2,74,198,25.4,31,4.45,102.4,121.7,11.90,9.89,31.3%,,21.0,100.98,102.37,,,,,
KJHill20,Hill,K.J.,,6'0,72,196,26.6,29,4.60,86.4,112.3,,,19.0%,18.7%,,87.55,86.35,,,,,
Triskson20,Jackson,Trishton,,6'1,73,197,26.0,32,4.50,96.1,119.7,,,41.6%,26.2%,21.5,96.08,96.08,,,,,
Quaravis20,Davis,Quartney,,6'1,73,201,26.5,31,4.54,94.6,,,,23.8%,26.1%,20.4,94.62,94.62,,,,,
Kalicomb20,Lipscomb,Kalija,,6'0,72,207,28.1,32,4.57,93.6,117.9,,,33.3%,26.7%,18.9,94.92,93.61,,,,,
Tylemons20,Simmons,Tyler,,,,,#DIV/0!,,,,,,,,,,#DIV/0!,#DIV/0!,,,,,
Omarless20,Bayless,Omar,,6'1,73,212,28.0,31,4.62,93.1,122.7,11.85,9.83,43.7%,30.7%,22.7,93.07,93.07,,,,,
Aarorker20,Parker,Aaron,,6'2,74,209,26.8,31,4.57,97.1,101.1,11.17,9.72,37.6%,,18.3,95.83,97.14,,,,,
Tonyrown20,Brown,Tony,,6'1,73,198,26.1,31,4.65,84.7,116.5,11.48,9.83,26.3%,19.0%,22.1,84.70,84.70,,,,,
Kirkritt20,Merritt,Kirk,,6'0,72,208,28.2,32,4.38,111.5,144.9,11.17,10.47,28.3%,24.5%,21.7,113.03,111.48,,,,,
CaleRepp20,Repp,Caleb,,,,,#DIV/0!,,,,,,,,,,#DIV/0!,#DIV/0!,,,,,
Jeffomas20,Thomas,Jeff,,5'9,69,170,25.1,30,4.45,82.0,1244.6,,,19.6%,17.1%,20.2,86.70,81.95,,,,,
Joshrson20,Pearson,Josh,,,,,#DIV/0!,,,,,,,,,,#DIV/0!,#DIV/0!,,,,,
Stepidry20,Guidry,Stephen,,6'3,75,201,25.1,32,4.47,103.5,120.3,11.77,9.94,25.4%,21.0%,22.5,100.69,103.45,,,,,
Willings20,Hastings,Will,,,,,#DIV/0!,,,,,,,,,,#DIV/0!,#DIV/0!,,,,,
Chriinke20,Finke,Chris,,6'0,72,186,25.2,29,4.57,84.1,,,,14.6%,16.3%,,85.29,84.12,,,,,
Scotgton20,Washington,Scotty,,,,,#DIV/0!,,,,,,,,,,#DIV/0!,#DIV/0!,,,,,
Benctor20,Victor,Ben,,6'4,76,198,24.1,34,4.60,92.1,123.5,,,18.8%,,20.6,88.44,92.08,,,,,
Mathxton20,Sexton,Mathew,,,,,#DIV/0!,,,,,,,,,,#DIV/0!,#DIV/0!,,,,,
JJoski20,Koski,J.J.,,,,,#DIV/0!,,,,,,,,,,#DIV/0!,#DIV/0!,,,,,
Johnurst20,Hurst,John,,,,,#DIV/0!,,,,,,,,,,#DIV/0!,#DIV/0!,,,,,
Aaroller20,Fuller,Aaron,,5'11,71,188,26.2,29,4.59,82.4,116.8,,,25.6%,24.5%,20.9,84.71,82.39,,,,,
AlevHifo20,Hifo,Aleva,,,,,#DIV/0!,,,,,,,,,,#DIV/0!,#DIV/0!,,,,,
Darrwart20,Stewart,Darrell,,6'1,73,212,28.0,32,4.57,97.2,118.0,,,23.4%,23.3%,23.1,97.21,97.21,,,,,
Devintry20,Gentry,Devin,,,,,#DIV/0!,,,,,,,,,,#DIV/0!,#DIV/0!,,,,,
Johnnson20,Johnson,Johnathon,,5'7,67,170,26.6,30,,,,,,13.6%,17.5%,,#DIV/0!,#DIV/0!,,,,,
Dalthoen20,Schoen,Dalton,,,,,#DIV/0!,,,,,,,,,,#DIV/0!,#DIV/0!,,,,,
Georahee20,Wahee,George,,,,,#DIV/0!,,,,,,,,,,#DIV/0!,#DIV/0!,,,,,
Chriland20,Rowland,Chris,,,,,#DIV/0!,,,,,,,,,,#DIV/0!,#DIV/0!,,,,,
Deebmuel19,Samuel,Deebo,,5'11,71,214,29.8,31,4.48,103.3,127.3,11.17,10.11,41.3%,23.9%,20.6,106.25,103.34,,,,,
AJrown19,Brown,A.J.,,6'0,72,226,30.6,32,4.49,109.7,122.1,11.25,10.07,32.6%,27.4%,20.2,111.21,109.69,,,,,
DKcalf19,Metcalf,D.K.,,6'3,75,228,28.5,34,4.33,133.3,135.9,11.88,10.28,26.4%,16.7%,19.7,129.72,133.28,,,,,
Dionnson19,Johnson,Diontae,,5'10,70,183,26.3,30,4.53,83.3,118.5,11.54,9.70,34.0%,23.2%,20.8,86.91,83.34,,,,,
Terrurin19,McLaurin,Terry,,6'0,72,208,28.2,31,4.35,114.6,126.3,11.16,10.15,17.7%,8.6%,,116.18,114.59,,,,,
Huntfrow19,Renfrow,Hunter,,5'10,70,184,26.4,29,4.59,79.5,117.5,10.99,9.85,23.7%,16.6%,21.7,82.91,79.50,,,,,
Marqrown19,Brown,Marquise,,5'9,69,166,24.5,30,4.32,90.1,,,,30.6%,29.7%,21.3,95.32,90.10,,,,,
Jakoyers19,Meyers,Jakobi,,6'2,74,203,26.1,32,4.63,89.6,121.9,11.30,10.07,24.8%,25.7%,20.8,88.35,89.56,,,,,
Dariyton19,Slayton,Darius,,6'1,73,190,25.1,32,4.39,102.3,,11.15,10.32,25.4%,19.7%,20.7,102.31,102.31,,,,,
Parrbell19,Campbell,Parris,,6'0,72,205,27.8,32,4.31,117.2,135.5,,,23.5%,17.9%,18.1,118.82,117.19,,,,,
Mecodman19,Hardman,Mecole,,5'10,70,187,26.8,30,4.33,102.0,121.6,11.00,10.03,18.7%,15.1%,,106.39,102.02,,,,,
Olameaus19,Zaccheaus,Olamide,,5'8,68,188,28.6,31,4.54,82.4,122.9,11.19,9.83,36.5%,34.1%,19.1,88.50,82.44,,,,,
Deonarty19,Harty,Deonte,,5'6,66,171,27.6,28,4.53,73.4,113.1,10.98,9.64,36.3%,,19.8,81.21,73.43,,,,,
Travgham19,Fulgham,Travis,,6'2,74,215,27.6,33,4.58,99.1,125.1,11.06,10.19,36.0%,22.7%,21.0,97.73,99.06,,,,,
Scotller19,Miller,Scott,,5'9,69,174,25.7,29,4.44,84.6,119.3,10.99,9.87,41.5%,29.9%,19.1,89.55,84.64,,,,,
Jaleyton19,Guyton,Jalen,,6'1,73,212,28.0,32,4.44,109.1,126.3,10.99,10.22,22.2%,17.6%,20.2,109.10,109.10,,,,,
StevSims19,Sims,Steven,,5'9,69,184,27.2,29,4.61,77.0,111.1,11.63,9.50,29.8%,,19.4,81.48,77.01,,,,,
Gregrtch19,Dortch,Greg,,5'7,67,173,27.1,29,4.59,71.5,110.6,10.97,9.70,39.4%,31.7%,19.3,77.95,71.54,,,,,
Presiams19,Williams,Preston,,6'4,76,211,25.7,33,4.66,93.2,111.6,11.46,9.91,45.3%,34.9%,21.4,89.49,93.17,,,,,
Tyronson19,Johnson,Tyron,,6'1,73,193,25.5,30,4.41,102.1,109.0,11.47,9.76,23.6%,17.7%,22.7,102.05,102.05,,,,,
Trenrwin19,Irwin,Trenton,,6'1,73,204,26.9,31,4.59,91.9,,,,14.2%,20.6%,,91.92,91.92,,,,,
Mileykin19,Boykin,Miles,,6'4,76,220,26.8,33,4.42,120.0,144.0,10.84,10.65,30.1%,21.7%,18.9,115.28,120.02,,,,,
Kelvrmon19,Harmon,Kelvin,,6'2,74,221,28.4,32,4.60,100.1,113.8,11.47,9.88,31.2%,26.0%,20.7,98.72,100.07,,,,,
NKeaarry19,Harry,N'Keal,,6'2,74,228,29.3,33,4.53,109.8,126.5,11.33,10.18,43.9%,31.3%,18.7,108.29,109.77,,,,,
Andyella19,Isabella,Andy,,5'9,69,188,27.8,29,4.31,103.0,122.6,11.10,9.98,52.2%,40.0%,19.8,108.96,102.99,,,,,
Antosley19,Wesley,Antoine,,6'4,76,206,25.1,34,4.73,85.6,121.4,11.33,10.17,32.7%,24.7%,20.9,82.31,85.69,,,,,
Liljhrey19,Humphrey,Lil'Jordan,,6'4,76,210,25.6,32,4.75,85.9,116.5,11.38,9.97,32.3%,,20.4,82.50,85.89,,,,,
Ashtulin19,Dulin,Ashton,,6'1,73,215,28.4,33,4.43,111.6,125.1,11.22,10.21,60.9%,,18.3,111.65,111.65,,,,,
KeeSnson19,Johnson,KeeSean,,6'1,73,201,26.5,32,4.60,89.8,109.5,11.51,9.74,35.3%,30.1%,19.9,89.78,89.78,,,,,
JJside19,Arcega-Whiteside,JJ,,6'2,74,225,28.9,33,4.54,107.4,116.8,11.64,9.93,42.7%,,19.7,105.92,107.37,,,,,
Jeffmith19,Smith,Jeff,,6'0,72,191,25.9,31,4.41,99.6,125.6,10.93,10.16,20.4%,,19.4,101.00,99.61,,,,,
Daviills19,Sills,David,,6'3,75,211,26.4,32,4.57,99.4,123.8,11.25,10.15,33.9%,24.9%,20.3,96.75,99.40,,,,,
KeelDoss19,Doss,Keelan,,6'2,74,211,27.1,31,4.61,94.7,123.2,,,35.9%,,20.5,93.43,94.71,,,,,
Riledley19,Ridley,Riley,,6'1,73,199,26.3,32,4.58,90.5,113.9,11.50,9.79,22.2%,16.2%,22.1,90.45,90.45,,,,,
PennHart19,Hart,Penny,,5'8,68,180,27.4,31,4.68,69.9,112.5,12.39,9.33,32.0%,26.6%,19.2,75.04,69.90,,,,,
Gunnwski19,Olszewski,Gunner,,5'10,70,178,25.5,29,4.61,75.6,120.2,11.25,9.79,,,,78.82,75.58,,,,,
Jasooore19,Moore,Jason,,6'3,75,215,26.9,32,4.62,97.0,124.9,10.69,10.30,47.9%,,20.2,94.38,96.97,,,,,
Juwafree19,Winfree,Juwann,,6'1,73,210,27.7,31,4.58,95.5,118.6,11.22,9.91,14.5%,11.4%,,95.45,95.45,,,,,
Terrdwin19,Godwin,Terry,,5'11,71,184,25.7,30,4.55,83.5,120.6,11.14,9.95,17.8%,13.6%,20.9,85.86,83.51,,,,,
DJmery19,Montgomery,D.J.,,6'2,74,201,25.8,32,4.48,101.2,127.3,11.05,10.19,42.7%,,22.4,99.80,101.16,,,,,
Johnrsua19,Ursua,John,,5'9,69,178,26.3,29,4.61,74.5,122.9,10.93,9.92,43.4%,30.1%,23.6,78.82,74.50,,,,,
Haketler19,Butler,Hakeem,,6'5,77,227,26.9,35,4.48,113.6,127.0,11.25,10.40,43.5%,27.4%,21.3,112.71,118.88,,,,,
KaVorpin19,Turpin,KaVontae,,5'7,67,158,24.7,29,4.36,80.3,132.5,10.90,10.04,23.6%,16.6%,22.1,87.45,80.26,,,,,
JaleHurd19,Hurd,Jalen,,6'5,77,226,26.8,32,4.69,98.5,122.4,,,24.0%,22.7%,22.6,93.42,98.54,,,,,
Garyings19,Jennings,Gary,,6'1,73,214,28.2,32,4.42,112.1,126.4,11.47,10.10,34.0%,23.6%,20.5,112.14,112.14,,,,,
Marcreen19,Green,Marcus,,5'8,68,190,28.9,30,4.46,89.5,124.9,11.29,9.85,37.9%,23.0%,19.1,96.04,89.46,,,,,
Dillhell19,Mitchell,Dillon,,6'1,73,197,26.0,31,4.46,99.6,123.1,11.22,10.07,35.6%,28.8%,20.3,99.58,99.58,,,,,
Bisinson19,Johnson,Bisi,,6'0,72,204,27.7,30,4.51,97.3,126.6,11.04,10.11,20.3%,17.2%,21.5,98.62,97.27,,,,,
EmanHall19,Hall,Emanuel,,6'2,74,201,25.8,33,4.39,109.7,144.5,,,28.3%,16.1%,20.3,108.24,109.72,,,,,
Anthnson19,Johnson,Anthony,,6'2,74,209,26.8,31,4.60,94.6,116.3,,,43.5%,27.2%,22.6,93.36,94.64,,,,,
Stanrgan19,Morgan,Stanley,,6'0,72,202,27.4,32,4.53,94.6,128.0,10.91,10.21,37.5%,27.9%,21.0,95.94,94.62,,,,,
Tyrerady19,Brady,Tyre,,6'3,75,211,26.4,33,4.81,81.0,112.9,11.49,9.87,40.8%,31.9%,19.4,78.84,81.00,,,,,
Feltavis19,Davis,Felton,,6'3,75,211,26.4,32,,,,,,41.5%,,20.5,#DIV/0!,#DIV/0!,,,,,
Alexsley19,Wesley,Alex,,6'0,72,190,25.8,31,4.45,95.6,128.0,11.84,9.93,34.6%,,21.9,96.90,95.58,,,,,
Jazzuson19,Ferguson,Jazz,,6'5,77,227,26.9,34,4.45,122.1,124.4,11.84,10.15,36.1%,,21.6,115.78,122.12,,,,,
DaMaodge19,Lodge,DaMarkus,,6'2,74,202,25.9,33,4.55,95.6,116.5,11.59,9.90,20.6%,8.5%,20.3,94.26,95.55,,,,,
Jamastis19,Custis,Jamal,,6'4,76,214,26.0,33,4.50,108.7,120.7,11.69,10.04,21.1%,18.6%,22.8,104.37,108.66,,,,,
Jonvnson19,Johnson,Jon'Vea,,5'11,71,188,26.2,31,4.45,93.3,123.5,10.85,10.06,25.2%,,20.7,95.88,93.26,,,,,
Anthiams19,Ratliff-Williams,Anthony,,6'0,72,205,27.8,30,4.62,88.8,122.5,11.28,9.87,22.8%,21.3%,20.2,89.99,88.76,,,,,
Jaylmith19,Smith,Jaylen,,6'2,74,219,28.1,33,4.47,111.2,,12.03,9.90,23.9%,22.9%,20.1,109.71,111.21,,,,,
Codypson19,Thompson,Cody,,6'1,73,205,27.0,31,4.57,94.0,125.0,10.90,10.20,26.6%,21.5%,19.7,94.00,94.00,,,,,
Regghite19,White,Reggie,Jr.,6'2,74,208,26.7,32,4.57,96.7,122.9,10.88,10.24,50.5%,,19.5,95.37,96.68,,,,,
Nyqwrray19,Murray,Nyqwan,,5'10,70,191,27.4,31,4.63,79.7,114.3,11.60,9.69,21.0%,21.2%,20.1,83.13,79.71,,,,,
Justpter19,Sumpter,Justin,,,,,#DIV/0!,,,,,,,,,,#DIV/0!,#DIV/0!,,,,,
Treyrock19,Brock,Trey,,6'3,75,218,27.2,31,4.81,83.7,115.1,,,52.0%,,,81.45,83.68,,,,,
Emmatler19,Butler,Emmanuel,,6'3,75,217,27.1,33,4.53,105.9,118.7,11.63,10.07,40.1%,,19.0,103.06,105.89,,,,,
Ryanavis19,Davis,Ryan,,5'10,70,189,27.1,30,4.68,75.6,121.5,11.32,9.79,12.5%,,,78.80,75.56,,,,,
Johnixon19,Dixon,Johnnie,,5'10,70,201,28.8,30,4.41,101.9,123.8,11.81,9.81,15.8%,10.0%,,106.28,101.92,,,,,
Jovoante19,Durante,Jovon,,5'11,71,160,22.3,31,4.55,72.6,113.6,11.31,9.75,33.1%,28.6%,22.4,74.66,72.62,,,,,
Damiiere19,Jeanpiere,Damion,,5'11,71,170,23.7,31,4.50,80.6,128.8,10.86,10.14,25.8%,,18.7,82.91,80.64,,,,,
Kelvight19,McKnight,Kelvin,,5'8,68,185,28.1,31,4.68,71.8,127.2,11.32,9.87,33.5%,,19.4,77.13,71.85,,,,,
JamaWay19,Way,Jamarius,,6'3,75,215,26.9,33,4.63,96.1,114.8,12.10,9.73,38.6%,30.1%,20.8,93.57,96.14,,,,,
Doriaker19,Baker,Dorian,,6'3,75,213,26.6,32,4.67,92.0,110.4,11.56,9.84,16.1%,19.8%,19.3,89.57,92.02,,,,,
Corelmes19,Holmes,Corey,,,,,#DIV/0!,,,,,,,,,,#DIV/0!,#DIV/0!,,,,,
Calvdley18,Ridley,Calvin,,6'1,73,189,24.9,31,4.43,98.1,107.7,11.29,9.85,30.1%,29.7%,20.7,98.15,98.15,,,,,
ChriKirk18,Kirk,Christian,,5'10,70,201,28.8,30,4.47,96.6,117.9,11.54,9.78,36.8%,26.6%,18.8,100.69,96.55,,,,,
DJoore18,Moore,D.J.,,6'0,72,210,28.5,31,4.42,108.5,133.2,11.02,10.24,53.3%,43.6%,18.4,110.04,108.54,,,,,
Courtton18,Sutton,Courtland,,6'3,75,218,27.2,32,4.54,105.4,122.4,10.68,10.27,36.9%,27.5%,19.9,102.63,105.44,,,,,
DJhark18,Chark,DJ,,6'3,75,199,24.9,32,4.34,115.3,132.5,,,25.3%,22.6%,20.0,112.18,115.26,,,,,
Michllup18,Gallup,Michael,,6'1,73,205,27.0,31,4.51,99.1,122.2,11.32,10.00,37.4%,36.4%,20.5,99.10,99.10,,,,,
Allezard18,Lazard,Allen,,6'3,75,225,28.1,32,4.55,107.9,125.6,11.44,10.13,33.1%,28.6%,19.7,104.99,107.87,,,,,
RussGage18,Gage,Russell,,6'0,72,186,25.2,33,4.55,85.6,127.3,11.28,10.14,14.2%,13.3%,,86.80,85.61,,,,,
Cedrlson18,Wilson,Cedrick,Jr.,6'2,74,188,24.1,31,4.55,88.9,123.4,11.12,10.13,35.5%,30.3%,20.8,87.73,88.93,,,,,
Marqling18,Valdes-Scantling,Marquez,,6'4,76,206,25.1,32,4.37,117.6,113.9,11.02,10.09,26.7%,6.6%,22.9,112.97,117.61,,,,,
Jamegton18,Washington,James,,5'11,71,213,29.7,32,4.54,97.5,118.7,11.43,9.87,33.3%,25.7%,18.4,100.27,97.53,,,,,
Byrongle18,Pringle,Byron,,6'1,73,205,27.0,32,4.46,103.6,117.0,11.27,9.95,37.7%,25.0%,22.8,103.62,103.62,,,,,
Antoaway18,Callaway,Antonio,,5'11,71,200,27.9,31,4.41,102.9,118.3,11.33,9.90,,11.2%,18.7,105.76,102.86,,,,,
Richames18,James,Richie,,5'9,69,185,27.3,31,4.48,86.6,121.4,11.03,9.94,31.5%,30.0%,20.0,91.85,86.82,,,,,
Anthller18,Miller,Anthony,,5'11,71,201,28.0,31,4.55,91.2,128.8,10.91,10.14,39.9%,30.4%,21.9,93.80,91.23,,,,,
Treqmith18,Smith,Tre'Quan,,6'2,74,210,27.0,33,4.49,104.8,128.8,11.47,10.11,33.0%,22.0%,19.2,103.34,104.75,,,,,
Dantttis18,Pettis,Dante,,6'1,73,186,24.5,32,4.53,88.3,123.7,,,31.6%,28.4%,20.9,88.34,88.34,,,,,
Robester18,Foster,Robert,,6'2,74,196,25.2,32,4.41,105.1,110.7,11.10,9.99,18.1%,11.2%,21.3,103.64,105.06,,,,,
AudeTate18,Tate,Auden,,6'5,77,228,27.0,33,4.68,100.3,108.7,11.95,9.80,37.4%,19.8%,19.6,95.06,100.26,,,,,
Braxrios18,Berrios,Braxton,,5'9,69,184,27.2,28,4.49,85.6,116.2,10.90,9.87,28.1%,20.2%,21.9,90.54,85.58,,,,,
Trenield18,Sherfield,Trent,,6'0,72,203,27.5,31,4.50,97.7,117.8,11.10,9.93,25.7%,20.5%,19.5,99.01,97.65,,,,,
Kekeutee18,Coutee,Keke,,5'10,72,181,24.5,29,4.43,90.1,115.2,11.08,9.90,30.8%,22.4%,20.6,93.99,92.71,,,,,
CamSims18,Sims,Cam,,6'4,76,212,25.8,33,4.64,95.2,119.3,12.06,9.86,5.6%,8.1%,,91.47,95.23,,,,,
DaeSlton18,Hamilton,DaeSean,,6'1,73,203,26.8,31,4.57,93.1,117.7,10.99,10.02,25.4%,22.9%,19.5,93.08,93.08,,,,,
Equarown18,St. Brown,Equanimeous,,6'5,77,214,25.4,33,4.40,112.1,,,,25.2%,21.9%,19.9,114.19,120.45,,,,,
Justtson18,Watson,Justin,,6'2,74,215,27.6,33,4.49,107.2,130.0,11.34,10.28,60.3%,,19.4,105.80,107.25,,,,,
Ray-loud18,McCloud,Ray-Ray,,5'10,70,190,27.3,30,4.53,86.5,115.2,11.21,9.82,10.6%,14.3%,,90.24,86.53,,,,,
Vyncmith18,Smith,Vyncint,,6'2,74,197,25.3,31,4.53,103.7,132.2,11.16,10.24,32.4%,,19.2,93.56,94.84,,,,,
Malirner18,Turner,Malik,,6'2,74,202,25.9,32,4.65,87.6,,,,26.5%,25.3%,20.6,86.41,87.59,,,,,
Chadeebe18,Beebe,Chad,,5'10,70,178,25.5,27,4.73,68.2,113.8,11.06,9.65,11.1%,12.6%,,71.12,68.20,,,,,
Keitwood18,Kirkwood,Keith,,6'2,74,221,28.4,33,4.50,109.3,121.0,11.37,10.06,26.9%,16.0%,23.7,107.79,109.27,,,,,
Damitley18,Ratley,Damion,,6'2,74,196,25.2,31,4.44,102.2,126.6,11.15,10.18,24.3%,12.5%,22.4,100.87,102.25,,,,,
KhaDodge18,Hodge,KhaDarel,,6'2,74,198,25.4,31,4.63,87.4,126.6,,,36.9%,,21.7,86.17,87.35,,,,,
Treyuinn18,Quinn,Trey,,5'11,71,203,28.3,30,4.55,92.1,115.0,11.10,9.88,34.7%,31.8%,21.8,94.73,92.13,,,,,
JavoWims18,Wims,Javon,,6'3,75,215,26.9,31,4.53,104.9,113.5,,,28.2%,23.6%,23.0,102.11,104.91,,,,,
Branwell18,Powell,Brandon,,5'8,68,181,27.5,29,4.64,72.7,111.9,11.03,9.66,25.3%,22.7%,22.0,78.10,72.75,,,,,
Marceman18,Ateman,Marcell,,6'5,77,216,25.6,32,4.62,100.0,118.3,11.32,10.10,22.2%,17.3%,23.0,94.82,100.02,,,,,
DeonCain18,Cain,Deon,,6'2,74,202,25.9,33,4.43,106.3,114.5,11.08,10.09,27.1%,17.8%,21.1,104.90,106.33,,,,,
Deonnett18,Burnett,Deontay,,6'0,72,186,25.2,31,4.75,72.1,112.4,,,30.6%,26.7%,19.9,73.07,72.07,,,,,
ChriLacy18,Lacy,Chris,,6'3,75,205,25.6,31,4.51,101.8,117.0,11.89,9.80,7.4%,10.3%,,99.10,101.82,,,,,
Jawiavis18,Davis,Jawill,,6'1,73,191,25.2,32,4.43,99.2,127.8,12.08,9.97,24.5%,,19.4,99.19,99.19,,,,,
Stevhell18,Mitchell,Steven,,5'10,70,189,27.1,30,4.56,83.8,115.8,11.15,9.75,17.9%,16.6%,,87.42,83.83,,,,,
Jaleiver18,Tolliver,Jalen,,6'1,73,213,28.1,32,4.61,94.3,124.8,11.22,10.10,46.7%,,19.7,94.32,94.32,,,,,
Daurtain18,Fountain,Daurice,,6'1,73,206,27.2,34,4.56,95.3,139.3,11.31,10.32,36.8%,,19.7,95.29,95.29,,,,,
Darvidsy18,Kidsy,Darvin,,6'0,72,180,24.4,,4.51,85.8,134.1,,,38.5%,4.5%,22.5,87.02,85.82,,,,,
JMonoore18,Moore,J'Mon,,6'3,75,207,25.9,32,4.60,95.0,124.6,10.60,10.38,27.6%,,20.3,92.46,95.00,,,,,
Camlips18,Phillips,Cam,,6'0,72,199,27.0,30,4.84,71.5,106.7,11.64,9.48,34.8%,28.3%,18.7,72.53,71.53,,,,,
Jalecott18,Scott,Jaleel,,6'5,77,218,25.8,33,4.56,106.4,120.7,11.60,10.07,27.7%,18.3%,22.5,100.84,106.36,,,,,
Jeffadet18,Badet,Jeff,,5'11,71,182,25.4,31,4.39,95.3,132.7,11.78,9.94,16.4%,12.9%,22.1,98.00,95.32,,,,,
Jordsley18,Lasley,Jordan,,6'1,73,203,26.8,32,4.50,99.0,114.7,11.46,9.99,31.6%,22.4%,19.8,99.01,99.01,,,,,
Dylarell18,Cantrell,Dylan,,6'3,75,226,28.2,31,4.59,104.6,130.5,10.59,10.35,19.4%,21.1%,,101.83,104.62,,,,,
Austoehl18,Proehl,Austin,,5'9,69,182,26.9,28,4.41,91.0,114.3,10.82,9.90,15.0%,16.0%,,96.24,90.96,,,,,
Simmobbs18,Cobbs,Simmie,,6'3,75,220,27.5,32,4.64,97.5,107.5,11.02,9.91,29.2%,24.5%,19.9,94.93,97.53,,,,,
Quadrson18,Henderson,Quadree,,5'8,68,190,28.9,29,4.50,86.3,115.3,11.17,9.68,5.2%,9.5%,,92.67,86.32,,,,,
Stevmael18,Ishmael,Steve,,6'2,74,212,27.2,32,4.64,92.7,115.3,11.22,9.93,36.5%,30.5%,19.2,91.47,92.73,,,,,
JestWeah18,Weah,Jester,,6'2,74,210,27.0,31,4.43,110.5,129.1,11.65,10.04,31.5%,21.2%,21.6,109.05,110.55,,,,,
Garyight18,McKnight,Gary,,,,,#DIV/0!,,,,,,,,,,#DIV/0!,#DIV/0!,,,,,
KaRahite18,White,Ka'Raun,,6'1,73,199,26.3,32,4.52,95.4,116.0,11.73,9.80,28.7%,,19.4,95.35,95.35,,,,,
Davoyson18,Grayson,Davon,,6'1,73,199,26.3,31,4.51,96.2,120.7,11.54,9.88,25.3%,18.1%,22.0,96.20,96.20,,,,,
Jakeneke18,Wieneke,Jake,,6'4,76,221,26.9,33,4.67,96.7,114.8,11.61,9.96,42.0%,,20.0,92.93,96.75,,,,,
Jaelklin18,Acklin,Jaelon,,,,,#DIV/0!,,,,,,,,,,#DIV/0!,#DIV/0!,,,,,
Darrrews18,Andrews,Darren,,5'10,70,197,28.3,29,,,,,,27.4%,20.6%,22.1,#DIV/0!,#DIV/0!,,,,,
Saeenall18,Blacknall,Saeed,,6'2,74,208,26.7,33,4.42,110.5,118.8,10.96,10.12,11.2%,9.2%,,108.99,110.49,,,,,
BrycBobo18,Bobo,Bryce,,6'2,74,204,26.2,32,4.73,82.6,106.5,11.76,9.63,24.2%,23.1%,22.2,81.51,82.63,,,,,
DevoBoyd18,Boyd,Devonte,,6'1,73,193,25.5,31,4.64,83.3,119.7,11.43,9.85,33.3%,28.9%,19.9,83.28,83.28,,,,,
Stevnbar18,Dunbar,Steven,,6'2,74,205,26.3,32,4.83,76.4,121.2,11.48,9.92,26.4%,27.2%,21.7,75.33,76.37,,,,,
Andrrone18,Levrone,Andre,,6'3,75,216,27.0,32,4.57,101.8,118.3,11.39,9.98,24.7%,14.1%,22.5,99.04,101.76,,,,,
TJrtin18,Martin,T.J.,,,,,#DIV/0!,,,,,,,,,,#DIV/0!,#DIV/0!,,,,,
Koretson18,Robertson,Korey,,6'1,73,212,28.0,32,4.56,98.1,119.3,11.95,9.80,42.7%,27.3%,22.2,98.06,98.06,,,,,
Tajiams18,Williams,Taj,,,,,#DIV/0!,,,,,,,,,,#DIV/0!,#DIV/0!,,,,,
Elijarks18,Marks,Elijah,,,,,#DIV/0!,,,,,,,,,,#DIV/0!,#DIV/0!,,,,,
Marvracy18,Bracy,Marvin,,,,,#DIV/0!,,,,,,,,,,#DIV/0!,#DIV/0!,,,,,
Markpman18,Chapman,Mark,,,,,#DIV/0!,,,,,,,,,,#DIV/0!,#DIV/0!,,,,,
Joshkett18,Crockett,Josh,,6'2,74,197,25.3,32,4.64,86.2,138.2,11.97,10.04,29.1%,,21.5,85.00,86.17,,,,,
Janarant18,Grant,Janarion,,5'9,69,177,26.1,30,4.61,74.1,115.4,11.50,9.57,16.1%,,19.8,78.38,74.08,,,,,
Blakkson18,Jackson,Blake,,5'11,71,205,28.6,,,,,,,,,,#DIV/0!,#DIV/0!,,,,,
Adonings18,Jennings,Adonis,,,,,#DIV/0!,,,,,,,,,,#DIV/0!,#DIV/0!,,,,,
Malaones18,Jones,Malachi,,,,,#DIV/0!,,,,,,,,,,#DIV/0!,#DIV/0!,,,,,
Aaroombe18,Lacombe,Aaron,,,,,#DIV/0!,,,,,,,,,,#DIV/0!,#DIV/0!,,,,,
Kyleewis18,Lewis,Kyle,,,,,#DIV/0!,,,,,,,,,,#DIV/0!,#DIV/0!,,,,,
Anthngou18,Mahoungou,Anthony,,,,,#DIV/0!,,,,,,,,,,#DIV/0!,#DIV/0!,,,,,
Markchel18,Michel,Marken,,5'11,71,193,26.9,28,4.62,82.4,122.9,11.46,9.75,17.1%,15.4%,,84.73,82.41,,,,,
Dorrller18,Miller,Dorren,,6'2,74,195,25.0,,4.44,101.7,,,,62.8%,,23.1,100.35,101.73,,,,,
Bryahell18,Mitchell,Bryant,,6'1,73,185,24.4,32,4.75,72.7,127.4,11.27,10.02,10.0%,,,72.68,72.68,,,,,
Jarerphy18,Murphy,Jared,,,,,#DIV/0!,,,,,,,,,,#DIV/0!,#DIV/0!,,,,,
Damorson18,Patterson,Damoun,,6'0,72,192,26.0,30,4.55,88.4,117.8,11.65,9.68,28.8%,,23.0,89.60,88.37,,,,,
Marcrson18,Peterson,Marcus,,,,,#DIV/0!,,,,,,,,,,#DIV/0!,#DIV/0!,,,,,
Dariince18,Prince,Darius,,,,,#DIV/0!,,,,,,,,,,#DIV/0!,#DIV/0!,,,,,
Calecott18,Scott,Caleb,,6'2,74,203,26.1,30,4.51,99.5,124.9,10.93,10.14,12.3%,9.7%,,98.13,99.48,,,,,
Joshmith18,Smith,Josh,,,,,#DIV/0!,,,,,,,,,,#DIV/0!,#DIV/0!,,,,,
Dionncer18,Spencer,Diontae,,5'8,68,173,26.3,29,4.39,86.8,129.5,11.52,9.91,28.8%,,21.5,93.16,86.78,,,,,
Allegers18,Staggers,Allenzae,,6'0,72,181,24.5,31,4.58,81.1,124.7,11.60,9.89,23.2%,,,82.27,81.14,,,,,
Franhens18,Stephens,Frank,,,,,#DIV/0!,,,,,,,,,,#DIV/0!,#DIV/0!,,,,,
Kendpson18,Thompson,Kendal,,,,,#DIV/0!,,,,,,,,,,#DIV/0!,#DIV/0!,,,,,
Jonaaman18,Trinnaman,Jonah,,5'10,70,192,27.5,30,4.35,102.8,140.9,11.32,10.07,7.8%,11.0%,,107.24,102.84,,,,,
Jordbert18,Williams-Lambert,Jordan,,6'3,75,227,28.4,33,4.69,96.4,115.0,11.48,9.92,41.1%,,19.3,93.83,96.41,,,,,
Timlson18,Wilson,Tim,,,,,#DIV/0!,,,,,,,,,,#DIV/0!,#DIV/0!,,,,,
AustWolf18,Wolf,Austin,,,,,#DIV/0!,,,,,,,,,,#DIV/0!,#DIV/0!,,,,,
CoopKupp17,Kupp,Cooper,,6'2,74,204,26.2,31,4.62,90.8,110.7,10.83,9.98,40.4%,,20.2,89.56,90.78,,,,,
Chridwin17,Godwin,Chris,,6'1,73,209,27.6,31,4.42,109.5,124.2,11.01,10.17,34.9%,28.2%,19.5,109.52,109.52,,,,,
Kennaday17,Golladay,Kenny,,6'4,76,218,26.5,32,4.50,110.7,120.4,11.15,10.18,41.8%,36.3%,19.8,106.33,110.69,,,,,
JuJuster17,Smith-Schuster,JuJu,,6'1,73,215,28.4,32,4.54,101.2,115.3,11.07,10.00,31.9%,25.8%,18.8,101.22,101.22,,,,,
Mikeiams17,Williams,Mike,,6'4,76,218,26.5,33,4.59,102.3,115.8,,,27.0%,22.3%,19.9,98.23,102.26,,,,,
Coreavis17,Davis,Corey,,6'3,75,209,26.1,33,4.53,102.0,,,,51.6%,36.5%,18.7,99.26,101.98,,,,,
Curtmuel17,Samuel,Curtis,,5'11,71,196,27.3,31,4.31,110.5,122.4,11.42,10.01,29.0%,23.7%,20.1,113.60,110.49,,,,,
Kendurne17,Bourne,Kendrick,,6'1,73,203,26.8,32,4.68,84.6,120.3,10.94,10.02,20.6%,,20.1,84.63,84.63,,,,,
Dederook17,Westbrook,Dede,,6'0,72,178,24.1,30,4.44,90.3,118.7,11.54,9.85,38.2%,27.1%,22.8,91.60,90.35,,,,,
Zayones17,Jones,Zay,,6'2,74,201,25.8,32,4.45,103.9,128.6,10.80,10.29,37.1%,39.9%,20.4,102.51,103.92,,,,,
Timrick17,Patrick,Tim,,6'4,76,208,25.3,33,4.52,103.8,127.8,11.37,10.22,38.1%,27.4%,22.8,99.66,103.76,,,,,
KeelCole17,Cole,Keelan,,6'1,73,194,25.6,32,4.64,83.7,,11.09,,60.7%,,20.4,83.71,83.71,,,,,
Zachscal17,Pascal,Zach,,6'2,74,219,28.1,32,4.55,103.6,124.2,11.40,10.03,34.3%,27.6%,19.7,102.19,103.59,,,,,
Davioore17,Moore,David,,6'1,73,219,28.9,30,4.48,108.7,124.1,11.36,9.98,39.1%,,19.6,108.73,108.73,,,,,
Josholds17,Reynolds,Josh,,6'3,75,194,24.2,31,4.52,95.5,124.9,10.96,10.23,39.7%,20.2%,19.6,92.96,95.50,,,,,
GregWard17,Ward,Greg,,5'11,71,186,25.9,31,4.64,78.1,116.2,11.21,9.85,,,20.2,80.25,78.06,,,,,
JohnRoss17,Ross,John,,5'11,71,188,26.2,31,4.22,115.3,129.4,,,34.1%,31.7%,18.8,118.56,115.31,,,,,
Trenylor17,Taylor,Trent,,5'8,68,181,27.5,28,4.63,73.4,114.6,10.75,9.77,31.7%,32.0%,20.4,78.77,73.38,,,,,
Isainzie17,McKenzie,Isaiah,,5'7,67,173,27.1,28,4.42,83.2,122.7,10.79,9.89,34.5%,16.6%,21.4,90.65,83.20,,,,,
Taywylor17,Taylor,Taywan,,5'11,71,203,28.3,32,4.50,96.3,123.0,10.78,10.04,38.6%,30.6%,20.5,99.01,96.30,,,,,
Macklins17,Hollins,Mack,,6'4,76,221,26.9,33,4.53,109.3,,,,22.4%,12.6%,21.0,104.96,109.27,,,,,
IsaiFord17,Ford,Isaiah,,6'1,73,194,25.6,32,4.61,85.9,123.9,11.28,10.00,35.5%,33.8%,18.6,85.91,85.91,,,,,
Ryantzer17,Switzer,Ryan,,5'8,68,181,27.5,28,4.51,81.5,112.4,10.77,9.76,24.6%,27.9%,21.8,87.50,81.51,,,,,
Chadnsen17,Hansen,Chad,,6'2,74,202,25.9,32,4.53,97.3,119.0,10.87,10.16,35.2%,28.4%,21.6,95.94,97.25,,,,,
Cyriyson17,Grayson,Cyril,,5'9,69,183,27.0,,4.38,94.0,,,,,,,99.45,94.00,,,,,
Trennnon17,Cannon,Trenton,,5'11,71,182,25.4,30,4.41,93.6,122.4,11.47,9.94,39.4%,31.4%,18.8,96.24,93.60,,,,,
Chadiams17,Williams,Chad,,6'0,72,207,28.1,32,4.45,104.1,127.0,11.21,10.15,37.4%,,20.9,105.57,104.13,,,,,
AustCarr17,Carr,Austin,,6'0,72,202,27.4,30,4.67,83.8,115.0,10.77,9.94,46.8%,27.1%,21.7,84.94,83.78,,,,,
Joshlone17,Malone,Josh,,6'3,75,208,26.0,31,4.40,114.0,112.4,11.24,9.96,35.3%,19.8%,20.5,110.99,114.03,,,,,
Noahrown17,Brown,Noah,,6'2,74,222,28.5,31,4.64,97.1,,11.40,,22.4%,13.8%,20.7,95.79,97.10,,,,,
Travolph17,Rudolph,Travis,,6'0,72,189,25.6,31,4.65,79.7,119.6,11.39,9.73,28.6%,23.0%,20.0,80.85,79.74,,,,,
ArDawart17,Stewart,ArDarius,,5'11,71,204,28.4,32,4.49,97.6,119.8,,,36.4%,24.0%,22.7,100.39,97.64,,,,,
Bobolson17,Wilson,Bobo,,5'9,69,189,27.9,31,4.57,81.9,,,,15.4%,,,86.66,81.91,,,,,
Amarrboh17,Darboh,Amara,,6'2,74,214,27.5,32,4.45,110.6,123.2,11.11,10.16,33.1%,27.3%,20.6,109.14,110.64,,,,,
Shelbson17,Gibson,Shelton,,5'11,71,191,26.6,32,4.50,90.6,113.4,11.03,9.90,31.5%,18.9%,21.5,93.16,90.60,,,,,
Jehusson17,Chesson,Jehu,,6'3,75,204,25.5,33,4.47,105.0,126.4,10.79,10.30,23.9%,18.1%,21.7,102.20,104.99,,,,,
JoJotson17,Natson,JoJo,,5'9,69,159,23.5,29,4.51,72.7,118.8,11.39,9.71,33.7%,,22.6,76.86,72.65,,,,,
Gehreter17,Dieter,Gehrig,,6'2,74,208,26.7,31,4.61,93.4,114.8,11.53,9.83,15.9%,16.1%,22.5,92.11,93.37,,,,,
Robeavis17,Davis,Robert,,6'3,75,219,27.4,33,4.44,115.8,137.7,11.10,10.40,31.1%,29.1%,18.4,112.70,115.79,,,,,
Keoncher17,Hatcher,Keon,,6'1,73,212,28.0,32,4.64,91.5,,,,28.4%,20.5%,20.0,91.47,91.47,,,,,
Krisogan17,Hogan,Krishawn,,6'3,75,222,27.7,32,4.56,105.5,124.1,10.95,10.21,44.8%,,19.3,102.69,105.50,,,,,
Stacoley17,Coley,Stacy,,6'0,72,195,26.4,32,4.45,98.1,118.8,11.55,9.88,27.2%,23.9%,18.3,99.45,98.09,,,,,
Rodndams17,Adams,Rodney,,6'1,73,189,24.9,32,4.44,97.3,112.7,11.26,9.84,28.6%,,21.0,97.27,97.27,,,,,
Carlrson17,Henderson,Carlos,,5'11,71,199,27.8,31,4.46,97.8,126.7,11.53,9.89,40.0%,26.2%,20.7,100.59,97.83,,,,,
DeAnncey17,Yancey,DeAngelo,,6'2,74,220,28.2,32,4.58,101.4,120.9,11.11,10.11,33.4%,18.5%,20.8,100.00,101.37,,,,,
Malaupre17,Dupre,Malachi,,6'2,74,196,25.2,31,4.52,95.2,134.7,11.45,10.14,32.3%,24.6%,18.9,93.91,95.20,,,,,
Travural17,Dural,Travin,,6'1,73,202,26.6,32,4.57,92.6,109.9,11.84,9.65,24.9%,24.6%,20.8,92.62,92.62,,,,,
Artacott17,Scott,Artavis,,5'10,70,193,27.7,31,4.61,82.0,110.7,11.68,9.56,21.6%,19.2%,19.9,85.46,81.95,,,,,
Damollow17,Stringfellow,Damore'ea,,6'2,74,218,28.0,33,4.65,94.5,126.2,11.70,9.94,20.6%,,21.9,93.26,94.53,,,,,
AmbaTawo17,Etta-Tawo,Amba,,6'1,73,208,27.4,32,4.49,102.4,115.7,11.27,9.86,48.4%,25.1%,22.8,102.35,102.35,,,,,
Darrgers17,Rogers,Darreus,,6'1,74,216,27.7,32,4.94,72.5,101.1,11.76,9.38,15.7%,16.9%,,72.54,73.53,,,,,
Jamaples17,Staples,Jamari,,6'3,75,195,24.4,33,4.51,96.8,126.2,,,18.5%,20.7%,19.0,94.27,96.85,,,,,
Ishmmora17,Zamora,Ishmael,,6'4,76,224,27.3,33,4.58,106.0,126.3,11.21,10.26,30.2%,29.3%,20.8,101.82,106.00,,,,,
Treyffey17,Griffey,Trey,,6'2,74,209,26.8,32,4.64,91.4,114.3,11.82,9.74,16.6%,14.4%,,90.18,91.41,,,,,
Gabearks17,Marks,Gabe,,5'11,71,189,26.4,30,4.56,85.0,108.7,11.21,9.69,27.9%,20.0%,21.1,87.42,85.03,,,,,
Drewrgan17,Morgan,Drew,,6'0,72,190,25.8,30,4.74,74.2,107.0,10.97,9.75,22.4%,24.2%,20.8,75.28,74.25,,,,,
Noelomas17,Thomas,Noel,,6'0,72,205,27.8,30,4.54,95.2,114.3,,,43.0%,42.8%,20.0,96.51,95.19,,,,,
Jameuick17,Quick,James,,6'0,72,186,25.2,30,4.60,81.9,110.2,11.39,9.70,22.6%,17.9%,20.9,83.08,81.94,,,,,
Billrown17,Brown,Billy,,,,,#DIV/0!,,,,,,,,,,#DIV/0!,#DIV/0!,,,,,
Karelton17,Hamilton,Karel,,6'0,72,199,27.0,32,4.66,83.2,115.3,11.72,9.73,38.2%,,18.4,84.40,83.24,,,,,
Bugward17,Howard,Bug,,6'4,76,221,26.9,33,4.58,104.6,123.3,11.09,10.29,26.2%,19.8%,21.8,100.45,104.58,,,,,
JeroLane17,Lane,Jerome,,6'2,74,226,29.0,31,4.60,102.3,122.0,10.99,10.08,33.2%,25.0%,19.5,100.95,102.33,,,,,
Keevucas17,Lucas,Keevan,,5'9,69,192,28.4,31,4.55,84.7,114.8,11.66,9.64,43.8%,30.8%,19.4,89.60,84.69,,,,,
SpeeNoil17,Noil,Speedy,,,,,#DIV/0!,,,,,,,,,,#DIV/0!,#DIV/0!,,,,,
Michctor17,Rector,Michael,,6'0,72,193,26.2,32,4.42,99.7,126.6,10.96,10.16,20.8%,19.6%,19.7,101.13,99.75,,,,,
FredRoss17,Ross,Fred,,6'1,73,213,28.1,31,4.51,103.0,116.0,11.27,9.98,41.8%,28.7%,21.3,102.97,102.97,,,,,
Tonyvens17,Stevens,Tony,,6'4,76,212,25.8,32,4.54,103.9,121.7,11.49,10.04,27.8%,22.6%,21.5,99.80,103.90,,,,,
Jordkamp17,Westerkamp,Jordan,,5'11,71,194,27.1,30,,,,,,30.5%,20.5%,20.2,#DIV/0!,#DIV/0!,,,,,
Kermield17,Whitfield,Kermit,,5'8,68,185,28.1,30,4.44,88.7,115.3,11.54,9.62,16.8%,14.3%,21.9,95.21,88.69,,,,,
Michomas16,Thomas,Michael,,6'3,75,212,26.5,32,4.57,99.9,122.5,10.93,10.17,39.6%,25.9%,21.5,97.21,99.87,,,,,
TyreHill16,Hill,Tyreek,,5'10,70,185,26.5,30,4.34,100.0,133.4,10.59,10.31,19.4%,5.4%,,104.29,100.00,,,,,
TyleBoyd16,Boyd,Tyler,,6'1,73,197,26.0,32,4.58,89.5,117.3,11.25,9.94,42.7%,39.8%,18.8,89.54,89.54,,,,,
Chosrson16,Anderson,Chosen,,6'3,75,190,23.7,30,4.41,103.2,126.1,11.34,10.08,34.8%,27.8%,20.3,100.47,103.22,,,,,
Willller16,Fuller,Will,,6'0,72,186,25.2,30,4.32,105.3,120.0,11.20,9.96,46.7%,24.8%,20.4,106.81,105.35,,,,,
Sterpard16,Shepard,Sterling,,5'10,70,194,27.8,30,4.48,92.4,131.2,11.35,10.04,33.2%,26.6%,20.5,96.32,92.36,,,,,
Joshtson16,Doctson,Josh,,6'2,74,202,25.9,31,4.50,99.9,135.2,10.92,10.37,38.6%,24.5%,18.8,98.52,99.87,,,,,
Coreeman16,Coleman,Corey,,5'11,71,194,27.1,30,4.42,98.9,133.4,,,44.2%,33.7%,20.2,101.66,98.87,,,,,
Laquwell16,Treadwell,Laquon,,6'2,74,221,28.4,33,4.69,92.6,114.6,11.30,9.95,29.0%,25.1%,19.2,91.35,92.61,,,,,
Braxller16,Miller,Braxton,,6'1,73,201,26.5,31,4.50,98.0,121.0,10.72,10.17,14.8%,,,98.03,98.03,,,,,
Leonrroo16,Carroo,Leonte,,6'0,72,211,28.6,31,4.50,101.5,120.4,,,52.5%,25.6%,19.6,102.91,101.50,,,,,
Demanson16,Robinson,Demarcus,,6'1,73,203,26.8,33,4.59,91.5,120.2,10.96,10.08,26.6%,24.8%,20.0,91.47,91.47,,,,,
Chrioore16,Moore,Chris,,6'1,73,206,27.2,33,4.53,97.8,127.9,10.96,10.21,23.7%,,20.2,97.84,97.84,,,,,
Ricaouis16,Louis,Ricardo,,6'2,74,215,27.6,32,4.43,113.2,130.6,11.39,10.16,31.6%,27.2%,21.5,111.65,113.18,,,,,
Pharoper16,Cooper,Pharoh,,5'11,71,203,28.3,32,4.70,80.9,110.9,11.41,9.68,43.1%,30.4%,19.5,83.20,80.92,,,,,
Malchell16,Mitchell,Malcolm,,6'0,72,198,26.9,32,4.45,99.6,125.7,11.28,10.04,35.8%,,22.1,100.98,99.60,,,,,
Rashgins16,Higgins,Rashard,,6'1,73,196,25.9,32,4.64,84.6,112.4,11.66,9.73,43.6%,30.5%,18.9,84.57,84.57,,,,,
Tajaarpe16,Sharpe,Tajae,,6'2,74,194,24.9,32,4.55,91.8,114.0,,,37.8%,35.5%,18.7,90.53,91.77,,,,,
Trevavis16,Davis,Trevor,,6'1,73,188,24.8,31,4.42,98.5,127.5,10.82,10.25,14.7%,13.1%,19.2,98.51,98.51,,,,,
Jordyton16,Payton,Jordan,,6'1,73,207,27.3,32,4.47,103.7,119.2,11.41,9.98,27.2%,24.3%,21.0,103.70,103.70,,,,,
Jakerant16,Grant,Jakeem,,5'6,66,165,26.6,29,4.42,78.2,120.6,11.06,9.86,25.4%,20.5%,22.9,86.46,78.17,,,,,
CodyCore16,Core,Cody,,6'3,75,205,25.6,32,4.47,105.5,113.1,11.15,9.98,16.9%,12.6%,20.4,102.70,105.51,,,,,
Mikeomas16,Thomas,Mike,,6'1,73,200,26.4,33,4.59,90.1,124.2,11.32,10.05,35.1%,,20.1,90.12,90.12,,,,,
Moringer16,Boehringer,Moritz,,,,,#DIV/0!,,,,,,,,,,#DIV/0!,#DIV/0!,,,,,
Kolbnbee16,Listenbee,Kolby,,6'0,72,197,26.7,31,4.39,104.6,124.9,,,15.4%,13.8%,,106.08,104.63,,,,,
Aaroidge16,Burbridge,Aaron,,6'0,72,206,27.9,31,4.56,94.0,109.4,11.53,9.71,32.6%,33.2%,21.7,95.29,93.98,,,,,
Chareake16,Peake,Charone,,6'2,74,209,26.8,34,4.45,108.1,121.4,11.42,10.09,15.3%,15.3%,,106.59,108.06,,,,,
Devicien16,Lucien,Devin,,6'1,73,222,29.3,31,4.54,104.5,117.2,11.23,9.98,27.2%,18.6%,22.2,104.51,104.51,,,,,
DeMayers16,Ayers,DeMarcus,,5'9,69,182,26.9,31,4.72,69.3,117.6,11.33,9.66,31.2%,29.8%,21.2,73.34,69.32,,,,,
Danirman16,Braverman,Daniel,,5'10,70,175,25.1,28,4.58,76.3,104.5,11.04,9.61,40.0%,35.1%,19.9,79.54,76.27,,,,,
Deviller16,Fuller,Devin,,6'0,72,194,26.3,39,4.44,98.5,123.2,11.10,10.06,14.1%,13.1%,,99.84,98.47,,,,,
Kennwler16,Lawler,Kenny,,6'2,74,203,26.1,33,4.64,88.8,108.2,11.33,9.90,22.0%,16.2%,20.2,87.59,88.79,,,,,
Rogeewis16,Lewis,Roger,,6'0,72,201,27.3,32,4.57,90.9,115.0,12.03,9.69,33.8%,23.6%,20.8,92.16,90.90,,,,,
Chesgers16,Rogers,Chester,,6'0,72,185,25.1,30,4.56,84.4,121.2,10.92,10.04,24.1%,,19.6,85.57,84.40,,,,,
Alexkson16,Erickson,Alex,,6'0,72,195,26.4,30,4.59,86.7,116.7,10.78,10.00,27.9%,31.0%,21.8,87.86,86.66,,,,,
Geroison16,Allison,Geronimo,,6'3,75,196,24.5,32,4.67,84.7,119.6,11.68,9.88,24.5%,24.8%,20.6,82.42,84.68,,,,,
MarvHall16,Hall,Marvin,,5'9,69,192,28.4,30,4.45,92.6,130.5,11.10,10.05,6.3%,4.3%,,97.92,92.56,,,,,
Johnlton16,Holton,Johnny,,6'1,73,190,25.1,32,4.54,89.4,115.1,11.10,9.96,17.3%,9.4%,25.0,89.45,89.45,,,,,
Maurrris16,Harris,Maurice,,6'2,74,195,25.0,32,4.61,87.5,,11.30,,12.5%,10.0%,,86.35,87.53,,,,,
Tommewis16,Lewis,Tommylee,,5'6,66,170,27.4,29,4.53,73.0,117.8,11.35,9.61,19.3%,24.5%,,80.74,73.00,,,,,
Dukeiams16,Williams,Duke,,6'2,74,229,29.4,32,4.72,93.5,111.5,11.90,9.62,25.2%,,22.3,92.28,93.54,,,,,
DJster16,Foster,D.J.,,,,,#DIV/0!,,,,,,,,,,#DIV/0!,#DIV/0!,,,,,
Jaydkens16,Mickens,Jaydon,,5'10,70,174,25.0,28,4.59,75.2,120.9,10.55,10.01,19.3%,23.7%,19.4,78.40,75.18,,,,,
Kalimond16,Raymond,Kalif,,5'9,69,162,23.9,,4.39,82.5,,,,30.5%,,21.1,87.23,82.45,,,,,
Huntharp16,Sharp,Hunter,,5'11,71,198,27.6,31,4.58,87.5,113.3,11.31,9.81,43.8%,32.0%,20.4,90.00,87.53,,,,,
Andyones16,Jones,Andy,,6'1,73,217,28.6,32,4.60,96.9,137.1,11.32,10.19,29.7%,,21.2,96.93,96.93,,,,,
Bralison16,Addison,Bralon,,,,,#DIV/0!,,,,,,,,,,#DIV/0!,#DIV/0!,,,,,
Devouste16,Cajuste,Devon,,,,,#DIV/0!,,,,,,,,,,#DIV/0!,#DIV/0!,,,,,
JayLee16,Lee,Jay,,6'2,74,215,27.6,33,4.58,99.1,116.5,11.03,10.07,19.2%,15.2%,,97.73,99.06,,,,,
Jalihall16,Marshall,Jalin,,5'10,70,200,28.7,31,4.60,85.7,126.3,10.93,10.04,24.8%,20.4%,20.1,89.34,85.67,,,,,
Nelsruce16,Spruce,Nelson,,6'1,73,206,27.2,30,4.69,85.2,116.5,11.29,9.88,38.2%,28.1%,19.8,85.15,85.15,,,,,
KJMaye16,Maye,K.J.,,5'8,68,191,29.0,30,4.66,75.5,112.6,11.53,9.56,30.5%,29.3%,21.5,81.01,75.46,,,,,
Paulerts16,McRoberts,Paul,,6'2,74,202,25.9,33,4.74,81.1,122.9,11.70,9.92,62.3%,,19.8,80.03,81.13,,,,,
Chrirown16,Brown,Chris,,6'2,74,194,24.9,32,4.55,91.8,122.0,11.78,9.84,16.9%,20.3%,,90.53,91.77,,,,,
Keyarett16,Garrett,Keyarris,,6'3,75,220,27.5,34,4.53,107.3,126.1,11.63,10.12,34.3%,32.4%,19.9,104.49,107.35,,,,,
Byrohall16,Marshall,Byron,,,,,#DIV/0!,,,,,,,,,,#DIV/0!,#DIV/0!,,,,,
Alonsell16,Russell,Alonzo,,6'4,76,206,25.1,33,4.54,101.0,106.2,11.51,9.91,25.5%,21.6%,19.9,96.98,100.96,,,,,
MekacKay16,McKay,Mekale,,6'4,76,207,25.2,30,4.55,100.6,121.0,11.71,9.89,15.1%,,21.1,96.60,100.56,,,,,
Caylones16,Jones,Cayleb,,6'3,75,209,26.1,32,4.65,91.9,113.0,11.13,10.05,25.2%,,21.5,89.41,91.86,,,,,
Rashcott16,Scott,Rashawn,,6'1,73,199,26.3,31,4.59,89.7,113.3,11.21,9.87,23.5%,19.0%,23.6,89.67,89.67,,,,,
Jareield16,Dangerfield,Jared,,6'2,74,215,27.6,32,4.79,82.8,116.5,11.24,9.89,17.9%,20.0%,,81.68,82.80,,,,,
Marqorth16,North,Marquez,,6'2,74,223,28.6,33,4.48,112.2,121.0,11.03,10.18,10.3%,13.4%,,110.72,112.24,,,,,
Amaroper15,Cooper,Amari,,6'1,73,211,27.8,31,4.42,110.6,116.1,10.69,10.14,47.2%,19.2%,18.2,110.57,110.57,,,,,
Kevihite15,White,Kevin,,6'3,75,215,26.9,32,4.35,123.4,123.6,11.06,10.29,36.8%,,21.2,120.09,123.38,,,,,
DeVarker15,Parker,DeVante,,6'3,75,209,26.1,33,4.45,109.5,124.6,,,46.3%,17.3%,19.6,106.59,109.52,,,,,
Nelsolor15,Agholor,Nelson,,6'0,72,198,26.9,32,4.42,102.3,124.6,11.17,10.08,32.4%,14.6%,20.3,103.75,102.33,,,,,
Bresiman15,Perriman,Breshad,,6'2,74,212,27.2,32,4.30,125.7,125.6,,,36.6%,11.3%,20.0,124.02,125.72,,,,,
Philsett15,Dorsett,Phillip,,5'10,70,185,26.5,30,4.33,100.9,123.9,10.81,10.12,32.6%,20.4%,19.7,105.26,100.93,,,,,
Devimith15,Smith,Devin,,6'0,72,196,26.6,31,4.42,101.3,127.3,10.98,10.20,26.8%,16.3%,20.5,102.71,101.30,,,,,
Dorikham15,Green-Beckham,Dorial,,6'5,77,237,28.1,32,4.49,123.0,116.5,11.34,10.08,31.8%,10.9%,20.4,116.63,123.02,,,,,
Devihess15,Funchess,Devin,,6'4,76,232,28.2,33,4.60,107.9,126.5,11.46,10.19,41.4%,15.3%,19.3,103.63,107.89,,,,,
Tylekett15,Lockett,Tyler,,5'10,70,182,26.1,30,4.40,93.1,120.9,10.96,10.00,44.2%,36.1%,19.9,97.12,93.12,,,,,
Jaelrong15,Strong,Jaelen,,6'2,74,217,27.9,32,4.44,113.2,132.9,11.52,10.30,31.1%,16.3%,19.6,111.68,113.21,,,,,
Chrinley15,Conley,Chris,,6'2,74,213,27.3,33,4.35,120.6,146.0,11.36,10.51,29.3%,16.8%,20.9,118.97,120.60,,,,,
Sammates15,Coates,Sammie,,6'1,73,212,28.0,33,4.43,110.1,135.2,11.04,10.39,29.5%,14.0%,20.4,110.09,110.09,,,,,
Jamiwder15,Crowder,Jamison,,5'8,68,185,28.1,30,4.56,79.7,120.4,11.49,9.76,33.3%,32.9%,19.2,85.57,79.71,,,,,
Justardy15,Hardy,Justin,,5'10,70,192,27.5,32,4.56,85.2,119.1,10.84,10.05,31.6%,26.8%,19.7,88.81,85.16,,,,,
Vincayle15,Mayle,Vince,,,,,#DIV/0!,,,,,,,,,,#DIV/0!,#DIV/0!,,,,,
DeAnlter15,Smelter,DeAndre,,6'2,74,226,29.0,32,4.57,105.0,109.4,,,43.7%,15.3%,22.8,103.63,105.05,,,,,
Rasheene15,Greene,Rashad,,5'11,71,182,25.4,31,4.53,84.1,123.1,11.00,10.06,29.5%,27.7%,20.0,86.44,84.07,,,,,
Stefiggs15,Diggs,Stefon,,6'0,72,195,26.4,31,4.46,97.2,117.0,11.35,9.94,36.1%,13.2%,18.8,98.57,97.22,,,,,
Tonypett15,Lippett,Tony,,,,,#DIV/0!,,,,,,,,,,#DIV/0!,#DIV/0!,,,,,
JJlson15,Nelson,JJ,,5'10,70,156,22.4,31,4.28,89.2,124.7,11.17,10.03,24.2%,,21.4,92.98,89.16,,,,,
KennBell15,Bell,Kenny,,6'1,73,197,26.0,31,4.42,103.2,135.1,10.81,10.39,29.2%,24.2%,19.5,103.23,103.23,,,,,
Keithery15,Mumphery,Keith,,6'0,72,215,29.2,31,4.54,99.8,115.8,11.32,9.83,12.9%,13.9%,,101.22,99.83,,,,,
KaelClay15,Clay,Kaelin,,5'10,70,195,28.0,30,4.51,90.4,112.6,11.23,9.80,20.2%,9.1%,22.7,94.27,90.39,,,,,
Gereavis15,Davis,Geremy,,6'2,74,216,27.7,32,4.54,103.1,124.1,11.04,10.16,28.1%,23.4%,20.7,101.69,103.08,,,,,
Evanncer15,Spencer,Evan,,6'1,73,208,27.4,31,4.50,101.4,121.5,11.32,9.99,6.7%,10.4%,20.3,101.45,101.45,,,,,
Budsser15,Sasser,Bud,,6'2,74,216,27.7,33,4.58,99.5,118.7,11.26,10.02,42.9%,29.9%,22.3,98.18,99.52,,,,,
Nealling15,Sterling,Neal,,,,,#DIV/0!,,,,,,,,,,#DIV/0!,#DIV/0!,,,,,
Andrbose15,Debose,Andre,,6'0,72,195,26.4,32,4.49,94.6,125.3,11.02,10.17,12.1%,,21.0,95.96,94.64,,,,,
DaRorown15,Brown,Da'Ron,,6'0,72,205,27.8,32,4.54,95.2,122.9,11.15,10.09,35.6%,,22.0,96.51,95.19,,,,,
Dezmewis15,Lewis,Dezmin,,6'4,76,214,26.0,32,4.58,101.3,116.5,11.39,10.02,28.0%,,19.8,97.27,101.27,,,,,
Mariford15,Alford,Mario,,5'8,68,180,27.4,31,4.43,87.1,118.3,10.71,9.97,32.6%,10.5%,20.5,93.47,87.07,,,,,
Treride15,McBride,Tre,,6'0,72,210,28.5,32,4.41,109.5,125.6,11.04,10.21,37.8%,,19.8,111.04,109.52,,,,,
Dresrson15,Anderson,Dres,,6'1,73,187,24.7,31,4.58,85.0,124.3,11.05,10.12,32.5%,19.4%,21.1,85.00,85.00,,,,,
Tituavis15,Davis,Titus,,6'1,73,196,25.9,29,4.51,94.8,114.8,11.42,9.80,49.1%,27.6%,18.7,94.75,94.75,,,,,
Antwdley15,Goodley,Antwan,,5'10,70,209,30.0,30,4.44,103.1,123.0,11.57,9.79,26.3%,22.6%,22.0,107.56,103.14,,,,,
Joshrper15,Harper,Josh,,6'1,73,191,25.2,30,4.64,82.4,108.4,11.51,9.74,31.5%,27.0%,21.8,82.41,82.41,,,,,
AustHill15,Hill,Austin,,6'2,74,210,27.0,31,4.64,91.9,122.6,10.83,10.17,25.4%,11.0%,21.1,90.61,91.85,,,,,
Donakett15,Luckett,Donatella,,6'0,72,211,28.6,31,4.65,89.0,116.8,12.01,9.64,49.8%,,21.6,90.26,89.02,,,,,
DaVaiels15,Daniels,DaVaris,,6'1,73,201,26.5,31,4.62,88.2,123.9,11.13,10.04,24.2%,12.9%,19.7,88.24,88.24,,,,,
Devaavis15,Davis,Devante,,6'3,75,220,27.5,32,4.57,103.6,117.9,11.37,10.09,40.8%,22.9%,19.9,100.88,103.64,,,,,
RannHall15,Hall,Rannell,,6'0,72,198,26.9,30,4.60,87.2,135.7,11.01,10.18,13.8%,19.1%,19.6,88.44,87.23,,,,,
DeonLong15,Long,Deon,,6'0,72,192,26.0,31,4.51,91.5,117.8,11.25,9.91,31.1%,10.6%,20.2,92.82,91.55,,,,,
Leviwood15,Norwood,Levi,,6'1,73,195,25.7,30,4.64,84.1,120.2,10.97,9.99,12.6%,11.3%,,84.14,84.14,,,,,
Jordylor15,Taylor,Jordan,,6'5,77,204,24.2,32,4.57,98.7,123.1,11.15,10.20,32.5%,25.5%,20.6,93.54,98.67,,,,,
DeAnhite15,White,DeAndrew,,5'11,71,193,26.9,31,4.44,96.6,117.7,11.15,9.95,14.8%,14.6%,,99.32,96.60,,,,,
Zachazio15,D'Orazio,Zach,,,,,#DIV/0!,,,,,,,,,,#DIV/0!,#DIV/0!,,,,,
Deonerry15,Greenberry,Deontay,,6'1,73,211,27.8,31,4.55,98.5,118.4,11.54,9.91,32.2%,14.7%,19.5,98.46,98.46,,,,,
NigeKing15,King,Nigel,,6'3,75,210,26.2,31,4.62,94.7,131.2,10.96,10.25,16.3%,9.5%,,92.19,94.72,,,,,
Kaseiams15,Williams,Kasen,,6'1,73,219,28.9,32,4.65,93.7,119.0,11.56,9.86,20.1%,16.8%,20.8,93.68,93.68,,,,,
Camrthy15,Worthy,Cam,,6'2,74,211,27.1,33,4.64,92.3,124.6,,,20.0%,7.5%,22.4,91.04,92.29,,,,,
Ezelffin15,Ruffin,Ezell,,6'0,72,218,29.6,31,4.68,89.6,101.8,11.93,9.40,35.5%,11.6%,21.5,90.89,89.64,,,,,
Chriones15,Jones,Christion,,5'10,70,182,26.1,30,4.63,76.0,114.8,11.10,9.75,5.0%,9.9%,19.7,79.21,75.95,,,,,
Jaxopley15,Shipley,Jaxon,,6'1,73,195,25.7,30,4.57,89.4,124.4,11.19,9.97,18.8%,20.8%,19.1,89.41,89.41,,,,,
DeAnrter15,Carter,DeAndre,,5'8,68,185,28.1,30,4.49,84.8,128.5,10.44,10.19,43.2%,,20.4,91.04,84.80,,,,,
DamiByrd15,Byrd,Damiere,,5'9,69,162,23.9,29,4.32,87.9,136.9,10.68,10.28,12.5%,13.2%,20.6,93.03,87.93,,,,,
Camedith15,Meredith,Cameron,,6'3,75,200,25.0,32,4.54,96.7,129.8,10.83,10.35,30.0%,,22.0,94.15,96.73,,,,,
Michnett15,Bennett,Michael,,,,,#DIV/0!,,,,,,,,,,#DIV/0!,#DIV/0!,,,,,
Jakeerow15,Kumerow,Jake,,6'5,77,208,24.7,31,4.58,99.7,109.2,11.16,10.01,40.7%,,21.6,94.54,99.72,,,,,
Dariings15,Jennings,Darius,,5'10,70,169,24.2,28,4.52,77.6,124.4,11.24,9.85,19.0%,14.5%,21.2,80.98,77.65,,,,,
Johnrris15,Harris,John,,6'2,74,218,28.0,33,4.64,95.4,116.0,11.27,9.96,45.2%,24.8%,22.8,94.06,95.35,,,,,
Eligers15,Rogers,Eli,,5'10,70,180,25.8,29,4.62,75.8,117.2,10.81,9.91,15.2%,18.2%,18.7,79.02,75.77,,,,,
Tyreiams15,Williams,Tyrell,,6'3,75,204,25.5,33,4.48,104.1,130.7,10.91,10.41,30.5%,,20.6,101.29,104.06,,,,,
Adamries15,Humphries,Adam,,5'11,71,195,27.2,30,4.58,86.2,116.3,11.28,9.74,9.4%,10.2%,,88.63,86.21,,,,,
Sammkins14,Watkins,Sammy,,6'1,73,211,27.8,32,4.43,109.6,120.8,11.29,9.99,34.2%,13.3%,18.2,109.57,109.57,,,,,
Mikevans14,Evans,Mike,,6'5,77,231,27.4,35,4.53,115.7,,11.34,10.32,30.2%,12.3%,19.0,109.71,115.72,,,,,
Odelkham14,Beckham,Odell,Jr.,5'11,71,198,27.6,32,4.43,100.0,126.5,10.63,10.32,34.5%,13.8%,19.8,102.82,100.00,,,,,
Branooks14,Cooks,Brandin,,5'10,70,189,27.1,30,4.33,103.1,121.2,10.57,10.21,38.9%,13.5%,18.9,107.53,103.11,,,,,
Kelvamin14,Benjamin,Kelvin,,6'5,77,240,28.5,34,4.61,112.1,114.8,11.72,10.01,29.3%,9.8%,22.6,106.28,112.10,,,,,
MarqLee14,Lee,Marqise,,6'0,72,192,26.0,31,4.52,90.7,128.1,10.97,10.18,34.5%,18.2%,19.8,92.00,90.74,,,,,
Jordhews14,Matthews,Jordan,,6'3,75,212,26.5,33,4.46,110.1,120.4,11.13,10.21,48.3%,41.8%,18.1,107.16,110.09,,,,,
Pauldson14,Richardson,Paul,,6'0,72,175,23.7,32,4.40,92.1,126.6,11.21,10.16,46.3%,17.8%,18.4,93.38,92.10,,,,,
Davadams14,Adams,Davante,,6'1,73,212,28.0,32,4.56,98.1,128.7,11.12,10.21,40.7%,13.6%,19.7,98.06,98.06,,,,,
Codyimer14,Latimer,Cody,,6'2,74,215,27.6,32,4.44,112.2,,,,27.4%,11.7%,19.9,110.65,112.16,,,,,
Allenson14,Robinson,Allen,,6'2,74,220,28.2,32,4.56,103.2,129.8,11.00,10.28,37.9%,18.3%,19.0,101.76,103.16,,,,,
Jarvndry14,Landry,Jarvis,,5'11,71,205,28.6,31,4.65,85.3,103.5,12.15,9.38,40.0%,15.9%,19.8,87.69,85.29,,,,,
JoshHuff14,Huff,Josh,,5'11,71,206,28.7,31,4.51,96.9,118.4,11.08,10.00,33.8%,22.2%,20.9,99.58,96.86,,,,,
Dontrief14,Moncrief,Donte,,6'2,74,221,28.4,32,4.40,119.5,133.2,11.32,10.24,32.1%,12.4%,18.1,117.93,119.54,,,,,
Johnrown14,Brown,John,,5'10,70,179,25.7,30,4.34,96.8,121.6,11.03,10.05,42.4%,,21.4,100.91,96.76,,,,,
Jaleders14,Saunders,Jalen,,5'9,69,165,24.4,30,4.44,80.3,118.8,11.71,9.65,34.4%,27.4%,18.9,84.91,80.26,,,,,
Brucgton14,Ellington,Bruce,,5'9,69,197,29.1,31,4.45,95.0,127.2,10.64,10.22,27.5%,9.1%,21.0,100.47,94.97,,,,,
Shaqvans14,Evans,Shaq,,6'1,73,213,28.1,32,4.51,103.0,119.7,11.28,10.00,29.6%,,21.5,102.97,102.97,,,,,
Martyant14,Bryant,Martavis,,6'4,76,211,25.7,32,4.42,115.1,128.3,11.33,10.32,18.5%,6.6%,,110.57,115.11,,,,,
Keviwood14,Norwood,Kevin,,6'2,74,198,25.4,32,4.48,99.7,116.6,11.00,10.05,21.0%,12.4%,24.0,98.31,99.65,,,,,
Ryanrant14,Grant,Ryan,,6'1,73,191,25.2,31,4.64,82.4,119.9,10.79,10.08,45.3%,29.8%,21.7,82.41,82.41,,,,,
Devireet14,Street,Devin,,6'3,75,198,24.7,33,4.55,94.9,124.9,10.90,10.32,38.7%,24.4%,20.4,92.40,94.93,,,,,
Jareeris14,Abbrederis,Jared,,6'1,73,195,25.7,31,4.50,95.1,110.4,10.88,9.96,37.0%,,20.7,95.11,95.11,,,,,
Roberron14,Herron,Robert,,5'9,67,193,30.2,30,4.48,90.6,122.9,11.11,9.88,31.4%,23.4%,20.3,95.82,87.95,,,,,
TJones14,Jones,T.J.,,6'0,72,188,25.5,30,4.48,92.1,115.6,11.09,9.91,33.4%,,21.1,93.34,92.06,,,,,
Mattazel14,Hazel,Matt,,6'1,73,198,26.1,31,4.50,96.6,121.1,11.28,10.05,28.6%,,19.6,96.57,96.57,,,,,
Waltwell14,Powell,Walt,,5'11,71,189,26.4,31,4.63,80.0,113.6,10.93,9.84,42.7%,,20.7,82.26,80.00,,,,,
Quinunwa14,Enunwa,Quincy,,6'2,74,225,28.9,32,4.45,116.3,,,,41.7%,25.4%,21.3,114.76,116.33,,,,,
Michnaro14,Campanaro,Michael,,5'10,70,192,27.5,30,4.46,93.1,127.3,10.78,10.15,59.5%,24.8%,20.6,97.05,93.06,,,,,
Jeffanis14,Janis,Jeff,,6'3,75,219,27.4,32,4.42,117.9,125.3,10.62,10.42,45.2%,,20.2,114.76,117.90,,,,,
Jameight14,Wright,James,,6'1,73,201,26.5,32,4.50,98.0,129.5,11.50,10.09,2.3%,4.2%,,98.03,98.03,,,,,
Tevieese14,Reese,Tevin,,5'10,70,163,23.4,31,4.46,79.0,135.7,10.81,10.25,28.3%,16.1%,21.7,82.39,79.00,,,,,
Jerellon14,Gallon,Jeremy,,5'7,67,185,29.0,29,4.49,83.6,132.2,11.33,9.86,42.7%,34.7%,22.6,91.04,83.55,,,,,
Braneman14,Coleman,Brandon,,6'6,78,225,26.0,34,4.56,111.2,111.8,11.84,9.98,26.7%,11.8%,19.2,104.08,111.21,,,,,
ChriBoyd14,Boyd,Chris,,6'4,76,206,25.1,32,4.65,91.7,115.0,,,32.7%,11.7%,19.7,88.12,91.74,,,,,
Isaiurse14,Burse,Isaiah,,5'10,70,188,27.0,30,4.58,81.9,110.2,10.68,9.87,17.0%,20.7%,,85.45,81.94,,,,,
Kainlter14,Colter,Kain,,5'10,70,198,28.4,31,4.76,74.0,113.5,10.88,9.82,,,,77.14,73.97,,,,,
Mikeavis14,Davis,Mike,,6'0,72,197,26.7,32,4.55,90.7,113.8,11.50,9.79,39.0%,,18.3,91.93,90.67,,,,,
Solotton14,Patton,Solomon,,5'8,68,179,27.2,29,4.43,86.6,116.1,11.15,9.76,40.8%,20.6%,22.9,92.95,86.59,,,,,
LDamgton14,Washington,L'Damian,,6'4,76,195,23.7,33,4.46,102.6,111.9,11.54,10.00,31.1%,,21.3,98.57,102.62,,,,,
Brelllor14,Chancellor,Brelan,,5'9,69,188,27.8,30,4.56,82.2,130.2,10.99,10.07,29.0%,,19.1,86.96,82.20,,,,,
Austklin14,Franklin,Austin,,5'11,71,189,26.4,31,4.56,85.0,123.2,11.40,9.89,44.7%,17.3%,19.8,87.42,85.03,,,,,
Alleurns14,Hurns,Allen,,6'1,73,205,27.0,32,4.55,95.7,112.7,11.73,9.70,28.8%,27.1%,19.8,95.66,95.66,,,,,
Marcucas14,Lucas,Marcus,,,,,#DIV/0!,,,,,,,,,,#DIV/0!,#DIV/0!,,,,,
Nathhter14,Slaughter,Nathan,,5'9,69,184,27.2,29,4.39,93.7,144.7,11.36,10.16,14.7%,,,99.08,93.65,,,,,
Willnead14,Snead,Willie,,5'11,71,195,27.2,33,4.62,83.3,113.5,11.58,9.78,39.4%,16.9%,19.9,85.60,83.26,,,,,
Joshwart14,Stewart,Josh,,5'10,70,178,25.5,30,4.69,70.6,118.0,11.43,9.71,20.3%,13.6%,19.9,73.58,70.56,,,,,
DJoles14,Coles,D.J.,,6'3,75,225,28.1,33,4.53,109.8,119.3,11.41,10.05,25.5%,6.2%,23.9,106.86,109.79,,,,,
Dontster14,Foster,Donte,,6'1,73,193,25.5,31,4.52,92.5,136.4,11.09,10.29,31.9%,25.9%,21.8,92.48,92.48,,,,,
Bennwler14,Fowler,Bennie,,6'1,73,217,28.6,32,4.52,104.0,124.2,11.24,10.06,28.4%,17.9%,21.2,103.98,103.98,,,,,
Codyfman14,Hoffman,Cody,,6'4,76,223,27.1,33,4.65,99.3,100.8,11.09,9.89,37.3%,27.5%,19.5,95.39,99.31,,,,,
Corerown14,Brown,Corey,,5'11,71,178,24.8,31,4.51,83.7,114.1,11.38,9.84,26.7%,27.1%,21.6,86.05,83.69,,,,,
Torrllen14,Allen,Torrence,,6'0,72,183,24.8,32,4.46,91.2,132.5,11.70,10.05,26.3%,,21.4,92.50,91.23,,,,,
Aarourks14,Burks,Aaron,,,,,#DIV/0!,,,,,,,,,,#DIV/0!,#DIV/0!,,,,,
Damiland14,Copeland,Damian,,5'11,71,184,25.7,31,4.50,87.3,128.0,10.43,10.36,17.1%,9.4%,,89.74,87.28,,,,,
GeraFord14,Ford,Gerald,,,,,#DIV/0!,,,,,,,,,,#DIV/0!,#DIV/0!,,,,,
Chanones14,Jones,Chandler,,5'11,71,174,24.3,29,4.39,91.1,115.5,11.15,9.85,37.9%,22.6%,20.8,93.70,91.13,,,,,
Seanones14,Jones,Seantavius,,6'3,75,208,26.0,34,4.58,97.1,128.0,11.28,10.28,42.6%,,20.1,94.54,97.13,,,,,
Ryanford14,Lankford,Ryan,,,,,#DIV/0!,,,,,,,,,,#DIV/0!,#DIV/0!,,,,,
Rashence14,Lawrence,Rashad,,,,,#DIV/0!,,,,,,,,,,#DIV/0!,#DIV/0!,,,,,
Berneedy14,Reedy,Bernard,,5'9,69,175,25.8,30,4.57,75.8,122.9,10.91,9.96,38.0%,28.8%,19.7,80.24,75.85,,,,,
Jazolds14,Reynolds,Jaz,,6'2,74,198,25.4,31,4.62,88.1,122.0,,,15.5%,4.3%,20.5,86.92,88.11,,,,,
Albelson14,Wilson,Albert,,5'9,69,202,29.8,30,4.43,99.1,125.3,11.21,9.95,59.9%,29.1%,20.2,104.90,99.15,,,,,
Taylriel14,Gabriel,Taylor,,5'8,68,167,25.4,29,4.45,79.3,130.5,11.05,10.01,28.7%,,20.6,85.17,79.34,,,,,
Andravis15,Davis,Andre,,6'1,73,205,27.0,33,4.55,95.7,113.4,11.42,9.88,38.5%,,20.0,95.66,95.66,,,,,